{
 "type": "FeatureCollection",
 "_note": "Coordinates are PIXEL positions [x,y] in the source scan (15039x14407), NOT lon/lat. The app converts them via Leaflet CRS.Simple. status:'draft' = approximate first-pass outline, to be refined in Edit mode.",
 "features": [
  {
   "type": "Feature",
   "properties": {
    "fid": "c3-22",
    "chast": 3,
    "num": "22",
    "owner_id": "pushchin",
    "status": "draft"
   },
   "geometry": {
    "type": "Polygon",
    "coordinates": [
     [
      [
       32337.86933544755,
       9791.530814547765
      ],
      [
       32012.01467779946,
       9871.970683505948
      ],
      [
       31858.020548919245,
       10323.902827351178
      ],
      [
       30251.06502417438,
       11259.807960494023
      ],
      [
       30105.54645599668,
       11225.890639595224
      ],
      [
       30373.797446367447,
       10130.06818555358
      ],
      [
       30547.826801966366,
       10157.973648095234
      ],
      [
       30783.935417682376,
       10155.976283285712
      ],
      [
       30815.872303144693,
       10101.98484765476
      ],
      [
       31142.09980903633,
       9956.004611583334
      ],
      [
       31195.75194518912,
       9864.026351904766
      ],
      [
       31209.734331829768,
       9726.042821845243
      ],
      [
       31285.658007272574,
       9650.051056815482
      ],
      [
       31647.39380688229,
       9597.990776833332
      ],
      [
       33232.115954615736,
       9490.066209160723
      ],
      [
       33267.813591946855,
       9526.035575071433
      ],
      [
       33245.784236347936,
       9738.003623386905
      ],
      [
       33397.90459430351,
       9652.034916273815
      ],
      [
       33543.95596660162,
       9646.028987095242
      ],
      [
       33671.99559666016,
       9720.016469940478
      ],
      [
       33727.98972554038,
       9848.001317595239
      ],
      [
       33810.49757740171,
       9991.986824047617
      ],
      [
       33926.5386752402,
       10031.980894869044
      ],
      [
       34045.95051418229,
       10040.356380262758
      ],
      [
       34190.65504990694,
       10127.815147254707
      ],
      [
       34287.95588665006,
       10369.94927339355
      ],
      [
       35145.91262918103,
       10319.595091641077
      ],
      [
       35657.999266110026,
       10985.001811693452
      ],
      [
       35843.99779833008,
       10978.001811693452
      ],
      [
       35881.47273576351,
       11278.057294977203
      ],
      [
       35992.37725950898,
       11402.447918612446
      ],
      [
       36126.98239849433,
       11395.870322040619
      ],
      [
       35757.121274879355,
       11715.448630514858
      ],
      [
       34168.93121346148,
       11765.844801452227
      ],
      [
       32337.906362974398,
       10484.406193533461
      ],
      [
       32337.86933544755,
       9791.530814547765
      ]
     ]
    ]
   },
   "_ring": [
    [
     10321.86933544755,
     9791.530814547765
    ],
    [
     9996.01467779946,
     9871.970683505948
    ],
    [
     9842.020548919245,
     10323.902827351178
    ],
    [
     8235.065024174379,
     11259.807960494023
    ],
    [
     8089.546455996677,
     11225.890639595224
    ],
    [
     8357.797446367447,
     10130.06818555358
    ],
    [
     8531.826801966368,
     10157.973648095234
    ],
    [
     8767.935417682374,
     10155.976283285712
    ],
    [
     8799.872303144695,
     10101.98484765476
    ],
    [
     9126.09980903633,
     9956.004611583334
    ],
    [
     9179.75194518912,
     9864.026351904766
    ],
    [
     9193.734331829768,
     9726.042821845243
    ],
    [
     9269.658007272574,
     9650.051056815482
    ],
    [
     9631.39380688229,
     9597.990776833332
    ],
    [
     11216.115954615736,
     9490.066209160723
    ],
    [
     11251.813591946853,
     9526.035575071433
    ],
    [
     11229.784236347934,
     9738.003623386905
    ],
    [
     11381.904594303507,
     9652.034916273815
    ],
    [
     11527.95596660162,
     9646.028987095242
    ],
    [
     11655.995596660161,
     9720.016469940478
    ],
    [
     11711.989725540378,
     9848.001317595239
    ],
    [
     11794.497577401704,
     9991.986824047617
    ],
    [
     11910.538675240194,
     10031.980894869044
    ],
    [
     12029.95051418229,
     10040.356380262758
    ],
    [
     12174.655049906945,
     10127.815147254707
    ],
    [
     12271.95588665006,
     10369.94927339355
    ],
    [
     13129.91262918103,
     10319.595091641077
    ],
    [
     13641.999266110028,
     10985.001811693452
    ],
    [
     13827.997798330081,
     10978.001811693452
    ],
    [
     13865.472735763513,
     11278.057294977203
    ],
    [
     13976.377259508987,
     11402.447918612446
    ],
    [
     14110.98239849433,
     11395.870322040619
    ],
    [
     13741.121274879355,
     11715.448630514858
    ],
    [
     12152.931213461483,
     11765.844801452227
    ],
    [
     10321.9063629744,
     10484.406193533461
    ],
    [
     10321.86933544755,
     9791.530814547765
    ]
   ],
   "_area": 6378640.238225907,
   "_parentFid": null
  },
  {
   "type": "Feature",
   "properties": {
    "fid": "c3-23",
    "chast": 3,
    "num": "23",
    "owner_id": "deshin",
    "status": "draft"
   },
   "geometry": {
    "type": "Polygon",
    "coordinates": [
     [
      [
       33794.441388259605,
       10598.131938711977
      ],
      [
       33884.0792938989,
       10376.98289661976
      ],
      [
       34131.631614681595,
       10648.138571223517
      ],
      [
       34126.89398665949,
       10881.25646225373
      ],
      [
       33470.37311193201,
       10947.857544821596
      ],
      [
       33465.652938853455,
       10945.459152697782
      ],
      [
       33454.1152030575,
       10805.126837276339
      ],
      [
       33794.441388259605,
       10598.131938711977
      ]
     ]
    ]
   },
   "_ring": [
    [
     11778.441388259605,
     10598.131938711977
    ],
    [
     11868.079293898902,
     10376.98289661976
    ],
    [
     12115.631614681592,
     10648.138571223517
    ],
    [
     12110.893986659486,
     10881.25646225373
    ],
    [
     11454.373111932005,
     10947.857544821596
    ],
    [
     11449.652938853453,
     10945.459152697782
    ],
    [
     11438.115203057505,
     10805.126837276339
    ],
    [
     11778.441388259605,
     10598.131938711977
    ]
   ],
   "_area": 209243.82884245366,
   "_parentFid": "c3-22"
  },
  {
   "type": "Feature",
   "properties": {
    "fid": "c3-24",
    "chast": 3,
    "num": "24",
    "owner_id": "plebania_bobr_fara",
    "status": "draft"
   },
   "geometry": {
    "type": "Polygon",
    "coordinates": [
     [
      [
       32803.795417143694,
       10818.70580173834
      ],
      [
       33318.249487684334,
       11177.906263935565
      ],
      [
       34164.679863499245,
       11777.590578574484
      ],
      [
       32299.965904672357,
       11862.437802233702
      ],
      [
       32314.336373269776,
       11443.824531847835
      ],
      [
       32237.732204910717,
       11124.216459313891
      ],
      [
       32809.38792300969,
       11095.905169331121
      ],
      [
       32803.795417143694,
       10818.70580173834
      ]
     ]
    ]
   },
   "_ring": [
    [
     10787.795417143694,
     10818.70580173834
    ],
    [
     11302.249487684336,
     11177.906263935565
    ],
    [
     12148.679863499248,
     11777.590578574484
    ],
    [
     10283.965904672357,
     11862.437802233702
    ],
    [
     10298.336373269778,
     11443.824531847835
    ],
    [
     10221.732204910717,
     11124.216459313891
    ],
    [
     10793.387923009692,
     11095.905169331121
    ],
    [
     10787.795417143694,
     10818.70580173834
    ]
   ],
   "_area": 1074798.289603427,
   "_parentFid": null
  },
  {
   "type": "Feature",
   "properties": {
    "fid": "c3-25",
    "chast": 3,
    "num": "25",
    "owner_id": "lyant",
    "status": "draft"
   },
   "geometry": {
    "type": "Polygon",
    "coordinates": [
     [
      [
       31417.946507468783,
       10576.787319493578
      ],
      [
       31862.5040001459,
       10329.474937424484
      ],
      [
       32007.529666862516,
       9875.252269047158
      ],
      [
       32331.179024544894,
       9780.094155059502
      ],
      [
       32330.936400829538,
       10479.271944339946
      ],
      [
       32804.66324223455,
       10817.02243393704
      ],
      [
       32798.02439640736,
       11090.272538775353
      ],
      [
       32240.809756770817,
       11114.35946779444
      ],
      [
       32312.62997615814,
       11454.450374450962
      ],
      [
       32300.638411829874,
       11868.181242406996
      ],
      [
       31945.998103888865,
       11880.105434876477
      ],
      [
       30830.08371093319,
       10928.825138577247
      ],
      [
       31417.946507468783,
       10576.787319493578
      ]
     ]
    ]
   },
   "_ring": [
    [
     9401.946507468781,
     10576.787319493578
    ],
    [
     9846.5040001459,
     10329.474937424484
    ],
    [
     9991.529666862514,
     9875.252269047158
    ],
    [
     10315.179024544892,
     9780.094155059502
    ],
    [
     10314.936400829538,
     10479.271944339946
    ],
    [
     10788.66324223455,
     10817.02243393704
    ],
    [
     10782.024396407358,
     11090.272538775353
    ],
    [
     10224.809756770816,
     11114.35946779444
    ],
    [
     10296.629976158141,
     11454.450374450962
    ],
    [
     10284.638411829874,
     11868.181242406996
    ],
    [
     9929.998103888867,
     11880.105434876477
    ],
    [
     8814.08371093319,
     10928.825138577247
    ],
    [
     9401.946507468781,
     10576.787319493578
    ]
   ],
   "_area": 1870068.2985061258,
   "_parentFid": null
  },
  {
   "type": "Feature",
   "properties": {
    "fid": "c3-26",
    "chast": 3,
    "num": "26",
    "owner_id": "goszkarewicz",
    "status": "draft"
   },
   "geometry": {
    "type": "Polygon",
    "coordinates": [
     [
      [
       31581.275566927012,
       11899.201298931972
      ],
      [
       34000.62071149244,
       11794.558346281377
      ],
      [
       33759.99267894978,
       12151.004915796082
      ],
      [
       33423.21473020019,
       13203.06753869806
      ],
      [
       32625.394857099753,
       13887.505908943413
      ],
      [
       32079.40671006273,
       14260.680804269357
      ],
      [
       32017.24566170181,
       13070.042954184844
      ],
      [
       31581.275566927012,
       11899.201298931972
      ]
     ]
    ]
   },
   "_ring": [
    [
     9565.275566927012,
     11899.201298931972
    ],
    [
     11984.620711492438,
     11794.558346281377
    ],
    [
     11743.992678949777,
     12151.004915796082
    ],
    [
     11407.21473020019,
     13203.06753869806
    ],
    [
     10609.394857099753,
     13887.505908943413
    ],
    [
     10063.40671006273,
     14260.680804269357
    ],
    [
     10001.245661701809,
     13070.042954184844
    ],
    [
     9565.275566927012,
     11899.201298931972
    ]
   ],
   "_area": 3272004.168197252,
   "_parentFid": null
  },
  {
   "type": "Feature",
   "properties": {
    "fid": "c3-27",
    "chast": 3,
    "num": "27",
    "owner_id": "volsky_anna",
    "status": "draft"
   },
   "geometry": {
    "type": "Polygon",
    "coordinates": [
     [
      [
       31845.996330550137,
       12965.000494098214
      ],
      [
       31972.192175873577,
       12962.679649350734
      ],
      [
       32011.86280702074,
       13064.535634660071
      ],
      [
       31860.997064440107,
       13067
      ],
      [
       31845.996330550137,
       12965.000494098214
      ]
     ]
    ]
   },
   "_ring": [
    [
     9829.996330550135,
     12965.000494098214
    ],
    [
     9956.192175873577,
     12962.679649350734
    ],
    [
     9995.862807020741,
     13064.535634660071
    ],
    [
     9844.997064440107,
     13067
    ],
    [
     9829.996330550135,
     12965.000494098214
    ]
   ],
   "_area": 14185.535016342998,
   "_parentFid": null
  },
  {
   "type": "Feature",
   "properties": {
    "fid": "c3-28",
    "chast": 3,
    "num": "28",
    "owner_id": "volsky_wladimir",
    "status": "draft"
   },
   "geometry": {
    "type": "Polygon",
    "coordinates": [
     [
      [
       31618.732194224085,
       12971.113921216072
      ],
      [
       31845.03596060868,
       12966.956025258924
      ],
      [
       31859.0462350683,
       13067.972330499997
      ],
      [
       31726.30790966253,
       13070.127970033009
      ],
      [
       31618.732194224085,
       12971.113921216072
      ]
     ]
    ]
   },
   "_ring": [
    [
     9602.732194224085,
     12971.113921216072
    ],
    [
     9829.035960608679,
     12966.956025258924
    ],
    [
     9843.0462350683,
     13067.972330499997
    ],
    [
     9710.307909662528,
     13070.127970033009
    ],
    [
     9602.732194224085,
     12971.113921216072
    ]
   ],
   "_area": 18146.738551221788,
   "_parentFid": null
  },
  {
   "type": "Feature",
   "properties": {
    "fid": "c3-29",
    "chast": 3,
    "num": "29",
    "owner_id": "volsky_stanislav",
    "status": "draft"
   },
   "geometry": {
    "type": "Polygon",
    "coordinates": [
     [
      [
       31569.3592647994,
       12624.66071345116
      ],
      [
       31822.337432119682,
       12559.614343026218
      ],
      [
       31969.47999098998,
       12958.475440485387
      ],
      [
       31622.941622842303,
       12965.556756783059
      ],
      [
       31314.448983217335,
       12692.567886899187
      ],
      [
       31569.3592647994,
       12624.66071345116
      ]
     ]
    ]
   },
   "_ring": [
    [
     9553.359264799401,
     12624.66071345116
    ],
    [
     9806.337432119684,
     12559.614343026218
    ],
    [
     9953.479990989981,
     12958.475440485387
    ],
    [
     9606.941622842303,
     12965.556756783059
    ],
    [
     9298.448983217333,
     12692.567886899187
    ],
    [
     9553.359264799401,
     12624.66071345116
    ]
   ],
   "_area": 159761.88195347786,
   "_parentFid": null
  },
  {
   "type": "Feature",
   "properties": {
    "fid": "c3-30",
    "chast": 3,
    "num": "30",
    "status": "draft",
    "owner_id": "elenski"
   },
   "geometry": {
    "type": "Polygon",
    "coordinates": [
     [
      [
       31826.894111961476,
       12559.381228920813
      ],
      [
       31318.6298073851,
       12693.950692447554
      ],
      [
       30943.93748440142,
       12358.756187826675
      ],
      [
       30362.65211942565,
       12876.318056472399
      ],
      [
       29881.77799313267,
       12224.464828194617
      ],
      [
       30782.674585327608,
       11975.389016958246
      ],
      [
       30791.765573961933,
       11648.915079248693
      ],
      [
       31577.956682523105,
       11900.187686931438
      ],
      [
       31826.894111961476,
       12559.381228920813
      ]
     ]
    ]
   },
   "_ring": [
    [
     9810.894111961474,
     12559.381228920813
    ],
    [
     9302.629807385101,
     12693.950692447554
    ],
    [
     8927.93748440142,
     12358.756187826675
    ],
    [
     8346.652119425647,
     12876.318056472399
    ],
    [
     7865.7779931326695,
     12224.464828194617
    ],
    [
     8766.674585327608,
     11975.389016958246
    ],
    [
     8775.765573961933,
     11648.915079248693
    ],
    [
     9561.956682523105,
     11900.187686931438
    ],
    [
     9810.894111961474,
     12559.381228920813
    ]
   ],
   "_area": 1171094.4726393148,
   "_parentFid": null
  },
  {
   "type": "Feature",
   "properties": {
    "fid": "c3-31",
    "chast": 3,
    "num": "31",
    "status": "draft",
    "owner_id": "lenkewicz"
   },
   "geometry": {
    "type": "Polygon",
    "coordinates": [
     [
      [
       30791.970201859847,
       11656.488934849745
      ],
      [
       30780.20629180256,
       11974.371323989293
      ],
      [
       29879.117737138324,
       12222.685221764064
      ],
      [
       29296.352140461986,
       11984.84184014648
      ],
      [
       29256.053501617233,
       11471.11533472073
      ],
      [
       29703.242505205846,
       11368.80317531947
      ],
      [
       30079.937065840862,
       11368.83184953976
      ],
      [
       30791.970201859847,
       11656.488934849745
      ]
     ]
    ]
   },
   "_ring": [
    [
     8775.970201859845,
     11656.488934849745
    ],
    [
     8764.206291802559,
     11974.371323989293
    ],
    [
     7863.1177371383255,
     12222.685221764064
    ],
    [
     7280.352140461985,
     11984.84184014648
    ],
    [
     7240.053501617233,
     11471.11533472073
    ],
    [
     7687.242505205844,
     11368.80317531947
    ],
    [
     8063.9370658408625,
     11368.83184953976
    ],
    [
     8775.970201859845,
     11656.488934849745
    ]
   ],
   "_area": 980271.9608865902,
   "_parentFid": null
  },
  {
   "type": "Feature",
   "properties": {
    "fid": "c3-32",
    "chast": 3,
    "num": "32",
    "status": "draft",
    "owner_id": "starostwo_bobr"
   },
   "geometry": {
    "type": "Polygon",
    "coordinates": [
     [
      [
       31054.26940512515,
       10487.639316773468
      ],
      [
       30923.000698281132,
       10620.513968926627
      ],
      [
       30850.46884691358,
       10580.161466625017
      ],
      [
       30747.8362854713,
       10573.428755497425
      ],
      [
       30658.929601869982,
       10491.059685441503
      ],
      [
       30586.730998244086,
       10465.81811249915
      ],
      [
       30558.194827164836,
       10442.243097922004
      ],
      [
       30480.647219327246,
       10447.261331366268
      ],
      [
       30413.20764798523,
       10358.135729018832
      ],
      [
       30552.837183196883,
       10164.760299431351
      ],
      [
       30608.2931478223,
       10215.211868424349
      ],
      [
       30702.524150617413,
       10263.97998264517
      ],
      [
       30752.996449296057,
       10314.432382609004
      ],
      [
       30803.440360204124,
       10398.50623568852
      ],
      [
       30931.305985358485,
       10374.974154604488
      ],
      [
       31054.26940512515,
       10487.639316773468
      ]
     ]
    ]
   },
   "_ring": [
    [
     9038.26940512515,
     10487.639316773468
    ],
    [
     8907.00069828113,
     10620.513968926627
    ],
    [
     8834.468846913582,
     10580.161466625017
    ],
    [
     8731.836285471301,
     10573.428755497425
    ],
    [
     8642.929601869982,
     10491.059685441503
    ],
    [
     8570.730998244084,
     10465.81811249915
    ],
    [
     8542.194827164838,
     10442.243097922004
    ],
    [
     8464.647219327246,
     10447.261331366268
    ],
    [
     8397.20764798523,
     10358.135729018832
    ],
    [
     8536.837183196882,
     10164.760299431351
    ],
    [
     8592.2931478223,
     10215.211868424349
    ],
    [
     8686.524150617412,
     10263.97998264517
    ],
    [
     8736.996449296059,
     10314.432382609004
    ],
    [
     8787.440360204124,
     10398.50623568852
    ],
    [
     8915.305985358487,
     10374.974154604488
    ],
    [
     9038.26940512515,
     10487.639316773468
    ]
   ],
   "_area": 127257.33523128182,
   "_parentFid": "c3-22"
  },
  {
   "type": "Feature",
   "properties": {
    "fid": "c3-34",
    "chast": 3,
    "num": "34",
    "status": "draft",
    "owner_id": "uzlowski_w"
   },
   "geometry": {
    "type": "Polygon",
    "coordinates": [
     [
      [
       29482.85871568807,
       10106.039992757724
      ],
      [
       29727.706555620487,
       11020.931819393998
      ],
      [
       29253.816315458513,
       11472.021690965945
      ],
      [
       29290.79136775653,
       11989.565158921243
      ],
      [
       28727.508840299255,
       11825.586261725552
      ],
      [
       28712.7460039696,
       11728.757830253167
      ],
      [
       28608.739949550458,
       11618.49847643776
      ],
      [
       28661.140991615022,
       11485.32020642992
      ],
      [
       28228.155490874495,
       10738.193455138498
      ],
      [
       28229.403644092366,
       10658.957433382908
      ],
      [
       28301.681103714905,
       10552.863931629354
      ],
      [
       28331.229096337538,
       10326.592090850978
      ],
      [
       28398.341655481167,
       10113.080082192038
      ],
      [
       29482.85871568807,
       10106.039992757724
      ]
     ]
    ]
   },
   "_ring": [
    [
     7466.858715688071,
     10106.039992757724
    ],
    [
     7711.706555620487,
     11020.931819393998
    ],
    [
     7237.816315458512,
     11472.021690965945
    ],
    [
     7274.791367756532,
     11989.565158921243
    ],
    [
     6711.508840299257,
     11825.586261725552
    ],
    [
     6696.746003969603,
     11728.757830253167
    ],
    [
     6592.739949550458,
     11618.49847643776
    ],
    [
     6645.140991615023,
     11485.32020642992
    ],
    [
     6212.155490874495,
     10738.193455138498
    ],
    [
     6213.403644092367,
     10658.957433382908
    ],
    [
     6285.6811037149055,
     10552.863931629354
    ],
    [
     6315.229096337537,
     10326.592090850978
    ],
    [
     6382.341655481166,
     10113.080082192038
    ],
    [
     7466.858715688071,
     10106.039992757724
    ]
   ],
   "_area": 1872357.0479655378,
   "_parentFid": null
  },
  {
   "type": "Feature",
   "properties": {
    "fid": "c1-19",
    "chast": 1,
    "num": "19",
    "status": "draft",
    "owner_id": "radziwill"
   },
   "geometry": {
    "type": "Polygon",
    "coordinates": [
     [
      [
       33223.78840948803,
       6751.831014021873
      ],
      [
       33226.62929113861,
       6876.306962884956
      ],
      [
       33232.50409959026,
       7065.809251041633
      ],
      [
       32876.08491829473,
       7074.268445361091
      ],
      [
       32847.8774499566,
       6514.288322048793
      ],
      [
       33210.91248399111,
       6502.5548914720175
      ],
      [
       33215.440127898,
       6630.192343248549
      ],
      [
       33223.78840948803,
       6751.831014021873
      ]
     ]
    ]
   },
   "_ring": [
    [
     11207.788409488028,
     6751.831014021873
    ],
    [
     11210.629291138612,
     6876.306962884956
    ],
    [
     11216.50409959026,
     7065.809251041633
    ],
    [
     10860.084918294728,
     7074.268445361091
    ],
    [
     10831.877449956597,
     6514.288322048793
    ],
    [
     11194.912483991113,
     6502.5548914720175
    ],
    [
     11199.440127898002,
     6630.192343248549
    ],
    [
     11207.788409488028,
     6751.831014021873
    ]
   ],
   "_area": 202861.54511787742,
   "_parentFid": "c1-18"
  },
  {
   "type": "Feature",
   "properties": {
    "fid": "c2-20",
    "chast": 2,
    "num": "20",
    "status": "draft",
    "owner_id": "prushanowski_michal"
   },
   "geometry": {
    "type": "Polygon",
    "coordinates": [
     [
      [
       34775.05811993638,
       9146.226589007536
      ],
      [
       34720.16171552002,
       9159.286910070237
      ],
      [
       34704.71075049676,
       9186.63514820463
      ],
      [
       34729.70766408561,
       9202.09464483796
      ],
      [
       34709.46757895677,
       9233.01011259395
      ],
      [
       34684.4828838284,
       9225.87859127631
      ],
      [
       34673.781765287735,
       9259.170318783563
      ],
      [
       34695.20669379569,
       9267.49613962051
      ],
      [
       34672.587321689665,
       9306.734294426184
      ],
      [
       34695.20756654287,
       9344.785788319006
      ],
      [
       35042.32112301858,
       9338.0540157106
      ],
      [
       35064.17421568327,
       9658.80521413783
      ],
      [
       34449.467242421735,
       9698.932492369722
      ],
      [
       34430.02477163161,
       9528.98705475902
      ],
      [
       34365.18059894737,
       8884.12733188916
      ],
      [
       33694.37424990931,
       8951.945296926648
      ],
      [
       33697.45176755081,
       9455.32799564766
      ],
      [
       31645.335104483478,
       9593.93955837078
      ],
      [
       31866.86782786274,
       9175.412468433737
      ],
      [
       32297.023311060766,
       8869.958643370386
      ],
      [
       32311.018068128753,
       8731.363385056502
      ],
      [
       32192.130719945635,
       8505.114836291323
      ],
      [
       32280.146157256073,
       7976.232038622524
      ],
      [
       32233.409647682805,
       7789.543037782018
      ],
      [
       32244.74930311062,
       7515.215420458528
      ],
      [
       32220.68587713006,
       7481.257291791941
      ],
      [
       32181.067139840554,
       7469.942651612428
      ],
      [
       32183.91217299975,
       7403.4846297465665
      ],
      [
       32393.869367584804,
       7443.064562166675
      ],
      [
       32415.808454717044,
       7498.058797687508
      ],
      [
       32551.795554981472,
       7527.917022544974
      ],
      [
       32554.57623975717,
       7585.892790998312
      ],
      [
       32826.30347826905,
       7908.285268752062
      ],
      [
       32974.805243212606,
       8086.473382569489
      ],
      [
       32947.8625341268,
       8266.078504990872
      ],
      [
       33279.087416342205,
       8259.063570930808
      ],
      [
       33572.37409626148,
       8697.444619892216
      ],
      [
       34305.493023724826,
       8476.840813529667
      ],
      [
       34313.32458835399,
       8611.189152576475
      ],
      [
       35004.76797025814,
       8548.144723098194
      ],
      [
       35041.52429742603,
       9253.17100882506
      ],
      [
       34775.05811993638,
       9146.226589007536
      ]
     ]
    ]
   },
   "_ring": [
    [
     12759.058119936379,
     9146.226589007536
    ],
    [
     12704.161715520018,
     9159.286910070237
    ],
    [
     12688.710750496759,
     9186.63514820463
    ],
    [
     12713.707664085608,
     9202.09464483796
    ],
    [
     12693.46757895677,
     9233.01011259395
    ],
    [
     12668.482883828403,
     9225.87859127631
    ],
    [
     12657.781765287735,
     9259.170318783563
    ],
    [
     12679.206693795692,
     9267.49613962051
    ],
    [
     12656.587321689667,
     9306.734294426184
    ],
    [
     12679.207566542867,
     9344.785788319006
    ],
    [
     13026.321123018577,
     9338.0540157106
    ],
    [
     13048.17421568327,
     9658.80521413783
    ],
    [
     12433.467242421735,
     9698.932492369722
    ],
    [
     12414.024771631604,
     9528.98705475902
    ],
    [
     12349.180598947372,
     8884.12733188916
    ],
    [
     11678.374249909311,
     8951.945296926648
    ],
    [
     11681.451767550807,
     9455.32799564766
    ],
    [
     9629.335104483478,
     9593.93955837078
    ],
    [
     9850.86782786274,
     9175.412468433737
    ],
    [
     10281.023311060768,
     8869.958643370386
    ],
    [
     10295.018068128755,
     8731.363385056502
    ],
    [
     10176.130719945633,
     8505.114836291323
    ],
    [
     10264.146157256073,
     7976.232038622524
    ],
    [
     10217.409647682807,
     7789.543037782018
    ],
    [
     10228.74930311062,
     7515.215420458528
    ],
    [
     10204.685877130061,
     7481.257291791941
    ],
    [
     10165.067139840554,
     7469.942651612428
    ],
    [
     10167.91217299975,
     7403.4846297465665
    ],
    [
     10377.869367584803,
     7443.064562166675
    ],
    [
     10399.808454717044,
     7498.058797687508
    ],
    [
     10535.79555498147,
     7527.917022544974
    ],
    [
     10538.57623975717,
     7585.892790998312
    ],
    [
     10810.303478269054,
     7908.285268752062
    ],
    [
     10958.805243212606,
     8086.473382569489
    ],
    [
     10931.862534126798,
     8266.078504990872
    ],
    [
     11263.087416342205,
     8259.063570930808
    ],
    [
     11556.374096261487,
     8697.444619892216
    ],
    [
     12289.493023724826,
     8476.840813529667
    ],
    [
     12297.32458835399,
     8611.189152576475
    ],
    [
     12988.76797025814,
     8548.144723098194
    ],
    [
     13025.524297426035,
     9253.17100882506
    ],
    [
     12759.058119936379,
     9146.226589007536
    ]
   ],
   "_area": 3235889.9095427543,
   "_parentFid": null
  },
  {
   "type": "Feature",
   "properties": {
    "fid": "c2-21",
    "chast": 2,
    "num": "21",
    "status": "draft",
    "owner_id": "oskirko"
   },
   "geometry": {
    "type": "Polygon",
    "coordinates": [
     [
      [
       34360.50625178104,
       8888.352666509645
      ],
      [
       34444.66747985831,
       9700.571351707116
      ],
      [
       34556.13160405948,
       9698.687092160622
      ],
      [
       34665.06548769403,
       9797.66550419737
      ],
      [
       35029.68868565531,
       9951.838074509235
      ],
      [
       35133.31340388666,
       10316.649272769822
      ],
      [
       34284.19679011698,
       10367.532777679286
      ],
      [
       34190.84416472021,
       10125.734867331961
      ],
      [
       34045.11789516659,
       10038.067368752616
      ],
      [
       33923.44882433062,
       10030.99397173943
      ],
      [
       33806.032772953295,
       9987.13867733755
      ],
      [
       33670.40319499538,
       9721.320798002154
      ],
      [
       33537.2,
       9670.2
      ],
      [
       33267.09653027399,
       9495.385978618535
      ],
      [
       33701.14472215052,
       9461.720761038901
      ],
      [
       33689.124087907076,
       8955.576183421543
      ],
      [
       34360.50625178104,
       8888.352666509645
      ]
     ]
    ]
   },
   "_ring": [
    [
     12344.506251781035,
     8888.352666509645
    ],
    [
     12428.667479858315,
     9700.571351707116
    ],
    [
     12540.131604059487,
     9698.687092160622
    ],
    [
     12649.065487694033,
     9797.66550419737
    ],
    [
     13013.688685655308,
     9951.838074509235
    ],
    [
     13117.313403886661,
     10316.649272769822
    ],
    [
     12268.19679011698,
     10367.532777679286
    ],
    [
     12174.84416472021,
     10125.734867331961
    ],
    [
     12029.117895166595,
     10038.067368752616
    ],
    [
     11907.448824330617,
     10030.99397173943
    ],
    [
     11790.032772953293,
     9987.13867733755
    ],
    [
     11654.40319499538,
     9721.320798002154
    ],
    [
     11521.2,
     9670.2
    ],
    [
     11251.096530273997,
     9495.385978618535
    ],
    [
     11685.144722150522,
     9461.720761038901
    ],
    [
     11673.124087907076,
     8955.576183421543
    ],
    [
     12344.506251781035,
     8888.352666509645
    ]
   ],
   "_area": 1250357.93191538,
   "_parentFid": null
  },
  {
   "type": "Feature",
   "properties": {
    "fid": "c2-73",
    "chast": 2,
    "num": "73",
    "status": "draft",
    "owner_id": "rogow"
   },
   "geometry": {
    "type": "Polygon",
    "coordinates": [
     [
      [
       35810.284492481245,
       9068.275138404455
      ],
      [
       35810.29436648841,
       9801.462025130595
      ],
      [
       35021.038097593126,
       9944.129917758946
      ],
      [
       34664.24279869956,
       9794.289429545193
      ],
      [
       34569.26157849695,
       9703.933192209468
      ],
      [
       35066.77160878061,
       9658.458114345727
      ],
      [
       35042.96978496735,
       9111.957156562867
      ],
      [
       35810.284492481245,
       9068.275138404455
      ]
     ]
    ]
   },
   "_ring": [
    [
     13794.284492481245,
     9068.275138404455
    ],
    [
     13794.294366488404,
     9801.462025130595
    ],
    [
     13005.038097593128,
     9944.129917758946
    ],
    [
     12648.242798699564,
     9794.289429545193
    ],
    [
     12553.26157849695,
     9703.933192209468
    ],
    [
     13050.77160878061,
     9658.458114345727
    ],
    [
     13026.969784967347,
     9111.957156562867
    ],
    [
     13794.284492481245,
     9068.275138404455
    ]
   ],
   "_area": 671256.358551085,
   "_parentFid": null
  },
  {
   "type": "Feature",
   "properties": {
    "fid": "c2-74",
    "chast": 2,
    "num": "74",
    "status": "draft",
    "owner_id": "durnow"
   },
   "geometry": {
    "type": "Polygon",
    "coordinates": [
     [
      [
       36701.800082270114,
       7936.408066192374
      ],
      [
       36891.23379365123,
       8273.170302694482
      ],
      [
       36727.292959639875,
       8875.55726758689
      ],
      [
       36791.68461788534,
       8946.346672710146
      ],
      [
       36905.307429382854,
       9404.448916220701
      ],
      [
       36797.68397159537,
       9738.191670934155
      ],
      [
       36743.94385622519,
       9890.929064871769
      ],
      [
       36800.57259559499,
       10230.296996696767
      ],
      [
       36684.501220010774,
       10343.443398491892
      ],
      [
       36613.7822388749,
       10318.001063736832
      ],
      [
       36401.51943199764,
       10575.343677263661
      ],
      [
       36328.00523580592,
       10617.784059342774
      ],
      [
       35727.96561025278,
       10499.013412116628
      ],
      [
       35745.03889616857,
       10616.020587425597
      ],
      [
       35835.09834125638,
       10685.018775732146
      ],
      [
       35904.115954615736,
       10814.003293988095
      ],
      [
       35843.0462350683,
       10975.987153446427
      ],
      [
       35656.163657463985,
       10982.904803744035
      ],
      [
       35137.821664736555,
       10311.985671151784
      ],
      [
       35034.71035908708,
       9950.440165356098
      ],
      [
       35813.100726580815,
       9808.981076057411
      ],
      [
       35808.20842475234,
       9067.894921779749
      ],
      [
       35039.897843975086,
       9111.515712744782
      ],
      [
       35009.54645599668,
       8549.896568773796
      ],
      [
       36232.388573669814,
       8050.712364689022
      ],
      [
       36701.800082270114,
       7936.408066192374
      ]
     ]
    ]
   },
   "_ring": [
    [
     14685.80008227011,
     7936.408066192374
    ],
    [
     14875.233793651225,
     8273.170302694482
    ],
    [
     14711.292959639874,
     8875.55726758689
    ],
    [
     14775.68461788534,
     8946.346672710146
    ],
    [
     14889.307429382852,
     9404.448916220701
    ],
    [
     14781.683971595365,
     9738.191670934155
    ],
    [
     14727.943856225187,
     9890.929064871769
    ],
    [
     14784.572595594991,
     10230.296996696767
    ],
    [
     14668.501220010778,
     10343.443398491892
    ],
    [
     14597.7822388749,
     10318.001063736832
    ],
    [
     14385.51943199764,
     10575.343677263661
    ],
    [
     14312.005235805915,
     10617.784059342774
    ],
    [
     13711.965610252777,
     10499.013412116628
    ],
    [
     13729.03889616857,
     10616.020587425597
    ],
    [
     13819.098341256384,
     10685.018775732146
    ],
    [
     13888.115954615736,
     10814.003293988095
    ],
    [
     13827.0462350683,
     10975.987153446427
    ],
    [
     13640.163657463983,
     10982.904803744035
    ],
    [
     13121.821664736557,
     10311.985671151784
    ],
    [
     13018.710359087087,
     9950.440165356098
    ],
    [
     13797.100726580813,
     9808.981076057411
    ],
    [
     13792.208424752336,
     9067.894921779749
    ],
    [
     13023.897843975084,
     9111.515712744782
    ],
    [
     12993.546455996677,
     8549.896568773796
    ],
    [
     14216.388573669814,
     8050.712364689022
    ],
    [
     14685.80008227011,
     7936.408066192374
    ]
   ],
   "_area": 3603300.8310769424,
   "_parentFid": null
  },
  {
   "type": "Feature",
   "properties": {
    "fid": "c2-67",
    "chast": 2,
    "num": "67",
    "owner_id": "griniewicz",
    "status": "draft"
   },
   "geometry": {
    "type": "Polygon",
    "coordinates": [
     [
      [
       36485.380922313634,
       6806.966293275047
      ],
      [
       36643.28067892622,
       7206.62253755505
      ],
      [
       36583.719084503486,
       7527.688480711976
      ],
      [
       36709.136882335784,
       7938.952796671202
      ],
      [
       36227.618492363246,
       8048.453081422558
      ],
      [
       35788.23674679136,
       7361.122315100219
      ],
      [
       35747.99047277726,
       7068.596950979949
      ],
      [
       35709.99519190524,
       6866.417639386798
      ],
      [
       35686.01555423742,
       6673.763344692502
      ],
      [
       35914.275246038094,
       6654.732897065193
      ],
      [
       36485.380922313634,
       6806.966293275047
      ]
     ]
    ]
   },
   "_ring": [
    [
     14469.380922313632,
     6806.966293275047
    ],
    [
     14627.280678926216,
     7206.62253755505
    ],
    [
     14567.719084503486,
     7527.688480711976
    ],
    [
     14693.136882335783,
     7938.952796671202
    ],
    [
     14211.618492363245,
     8048.453081422558
    ],
    [
     13772.236746791357,
     7361.122315100219
    ],
    [
     13731.990472777257,
     7068.596950979949
    ],
    [
     13693.995191905242,
     6866.417639386798
    ],
    [
     13670.01555423742,
     6673.763344692502
    ],
    [
     13898.275246038093,
     6654.732897065193
    ],
    [
     14469.380922313632,
     6806.966293275047
    ]
   ],
   "_area": 949232.6877582818,
   "_parentFid": null
  },
  {
   "type": "Feature",
   "properties": {
    "fid": "c2-68",
    "chast": 2,
    "num": "68",
    "owner_id": "prushanowski_feliks",
    "status": "draft"
   },
   "geometry": {
    "type": "Polygon",
    "coordinates": [
     [
      [
       35789.332222670375,
       7356.422678257776
      ],
      [
       35256.63027294594,
       7349.267065950545
      ],
      [
       34694.4796953968,
       7342.202725197378
      ],
      [
       34678.16292357401,
       6981.967060119044
      ],
      [
       34547.95743438156,
       6822.026022505956
      ],
      [
       35106.77272151205,
       6904.599577174488
      ],
      [
       35094.69388246603,
       6635.848562269074
      ],
      [
       35684.7378523695,
       6671.512240570099
      ],
      [
       35789.332222670375,
       7356.422678257776
      ]
     ]
    ]
   },
   "_ring": [
    [
     13773.332222670379,
     7356.422678257776
    ],
    [
     13240.630272945942,
     7349.267065950545
    ],
    [
     12678.4796953968,
     7342.202725197378
    ],
    [
     12662.16292357401,
     6981.967060119044
    ],
    [
     12531.957434381566,
     6822.026022505956
    ],
    [
     13090.772721512049,
     6904.599577174488
    ],
    [
     13078.693882466028,
     6635.848562269074
    ],
    [
     13668.737852369502,
     6671.512240570099
    ],
    [
     13773.332222670379,
     7356.422678257776
    ]
   ],
   "_area": 648690.6801799536,
   "_parentFid": null
  },
  {
   "type": "Feature",
   "properties": {
    "fid": "c2-70",
    "chast": 2,
    "num": "70",
    "owner_id": "bulgakov",
    "status": "draft"
   },
   "geometry": {
    "type": "Polygon",
    "coordinates": [
     [
      [
       35653.19910933457,
       7537.829793929107
      ],
      [
       35545.66179535079,
       7684.931529349237
      ],
      [
       35330.76464437642,
       7969.170520536069
      ],
      [
       34742.236961858514,
       8011.561523547204
      ],
      [
       34650.33279997017,
       7502.481209553606
      ],
      [
       34695.44336904182,
       7346.908866727553
      ],
      [
       35786.365592925635,
       7365.284093312992
      ],
      [
       35653.19910933457,
       7537.829793929107
      ]
     ]
    ]
   },
   "_ring": [
    [
     13637.199109334568,
     7537.829793929107
    ],
    [
     13529.66179535079,
     7684.931529349237
    ],
    [
     13314.764644376419,
     7969.170520536069
    ],
    [
     12726.236961858516,
     8011.561523547204
    ],
    [
     12634.332799970172,
     7502.481209553606
    ],
    [
     12679.443369041826,
     7346.908866727553
    ],
    [
     13770.365592925633,
     7365.284093312992
    ],
    [
     13637.199109334568,
     7537.829793929107
    ]
   ],
   "_area": 548408.8287357241,
   "_parentFid": null
  },
  {
   "type": "Feature",
   "properties": {
    "fid": "c2-72",
    "chast": 2,
    "num": "72",
    "owner_id": "chalecki",
    "status": "draft"
   },
   "geometry": {
    "type": "Polygon",
    "coordinates": [
     [
      [
       35044.961006694415,
       9254.397037940416
      ],
      [
       35046.17203248885,
       9336.483275024835
      ],
      [
       34817.88179453697,
       9343.644175598078
      ],
      [
       34697.702056147486,
       9347.185551474748
      ],
      [
       34676.27712763953,
       9299.622359278943
      ],
      [
       34686.9939556294,
       9266.32906487806
      ],
      [
       34670.327601075805,
       9253.247394889622
      ],
      [
       34683.406261099306,
       9223.522701142267
      ],
      [
       34717.91421336665,
       9230.654614183315
      ],
      [
       34728.82740947146,
       9203.31460224049
      ],
      [
       34711.05737702626,
       9186.624179949204
      ],
      [
       34722.79322643151,
       9159.244799803877
      ],
      [
       34773.74672821652,
       9147.34881141977
      ],
      [
       35044.961006694415,
       9254.397037940416
      ]
     ]
    ]
   },
   "_ring": [
    [
     13028.961006694411,
     9254.397037940416
    ],
    [
     13030.172032488852,
     9336.483275024835
    ],
    [
     12801.881794536963,
     9343.644175598078
    ],
    [
     12681.702056147486,
     9347.185551474748
    ],
    [
     12660.277127639529,
     9299.622359278943
    ],
    [
     12670.993955629396,
     9266.32906487806
    ],
    [
     12654.327601075807,
     9253.247394889622
    ],
    [
     12667.406261099304,
     9223.522701142267
    ],
    [
     12701.914213366645,
     9230.654614183315
    ],
    [
     12712.827409471456,
     9203.31460224049
    ],
    [
     12695.057377026264,
     9186.624179949204
    ],
    [
     12706.79322643151,
     9159.244799803877
    ],
    [
     12757.746728216522,
     9147.34881141977
    ],
    [
     13028.961006694411,
     9254.397037940416
    ]
   ],
   "_area": 52835.68614142388,
   "_parentFid": null
  },
  {
   "type": "Feature",
   "properties": {
    "fid": "c4-40",
    "chast": 4,
    "num": "40",
    "owner_id": "mon_sluck_troick",
    "status": "draft"
   },
   "geometry": {
    "type": "Polygon",
    "coordinates": [
     [
      [
       25549.842931433403,
       9705.677668059832
      ],
      [
       26239.854412786917,
       9974.687240653415
      ],
      [
       25909.556522524163,
       9130.588448080573
      ],
      [
       25187.868683842382,
       9174.181275369416
      ],
      [
       25250.255471187505,
       9275.07748859846
      ],
      [
       25393.270808576282,
       9475.198647856603
      ],
      [
       25549.842931433403,
       9705.677668059832
      ]
     ]
    ]
   },
   "_ring": [
    [
     3533.8429314334035,
     9705.677668059832
    ],
    [
     4223.854412786919,
     9974.687240653415
    ],
    [
     3893.556522524163,
     9130.588448080573
    ],
    [
     3171.8686838423814,
     9174.181275369416
    ],
    [
     3234.255471187506,
     9275.07748859846
    ],
    [
     3377.270808576283,
     9475.198647856603
    ],
    [
     3533.8429314334035,
     9705.677668059832
    ]
   ],
   "_area": 447336.6830455363,
   "_parentFid": null
  },
  {
   "type": "Feature",
   "properties": {
    "fid": "c4-42",
    "chast": 4,
    "num": "42",
    "owner_id": "bytowski_nikolaj",
    "status": "draft"
   },
   "geometry": {
    "type": "Polygon",
    "coordinates": [
     [
      [
       24532,
       8065
      ],
      [
       24219.88991650405,
       7874.072797136914
      ],
      [
       24083.979451080755,
       8244.000658797619
      ],
      [
       23951.88110982437,
       8614.002305791666
      ],
      [
       23806.004403339837,
       9009.998682404761
      ],
      [
       24217.991193320326,
       8821.998023607142
      ],
      [
       24291.997064440107,
       9661.995059017856
      ],
      [
       24752.010274459622,
       9262.02206972024
      ],
      [
       25183.1323108117,
       9169.052117665104
      ],
      [
       25250.51812632095,
       8486.086961285726
      ],
      [
       24824,
       8243
      ],
      [
       24532,
       8065
      ]
     ]
    ]
   },
   "_ring": [
    [
     2516,
     8065
    ],
    [
     2203.8899165040475,
     7874.072797136914
    ],
    [
     2067.9794510807556,
     8244.000658797619
    ],
    [
     1935.8811098243714,
     8614.002305791666
    ],
    [
     1790.004403339838,
     9009.998682404761
    ],
    [
     2201.991193320324,
     8821.998023607142
    ],
    [
     2275.997064440108,
     9661.995059017856
    ],
    [
     2736.0102744596225,
     9262.02206972024
    ],
    [
     3167.1323108116994,
     9169.052117665104
    ],
    [
     3234.518126320949,
     8486.086961285726
    ],
    [
     2808,
     8243
    ],
    [
     2516,
     8065
    ]
   ],
   "_area": 1347558.3289582524,
   "_parentFid": null
  },
  {
   "type": "Feature",
   "properties": {
    "fid": "c4-37",
    "chast": 4,
    "num": "37",
    "owner_id": "radziwill",
    "status": "draft"
   },
   "geometry": {
    "type": "Polygon",
    "coordinates": [
     [
      [
       26696.661603336994,
       9615.928731912003
      ],
      [
       26713.315739430094,
       10146.26927356448
      ],
      [
       27065.453703041887,
       10277.088323789309
      ],
      [
       27507.758457082567,
       10436.47184817868
      ],
      [
       27533.92275910698,
       9594.525354182402
      ],
      [
       26696.661603336994,
       9615.928731912003
      ]
     ]
    ]
   },
   "_ring": [
    [
     4680.661603336993,
     9615.928731912003
    ],
    [
     4697.315739430096,
     10146.26927356448
    ],
    [
     5049.453703041887,
     10277.088323789309
    ],
    [
     5491.758457082567,
     10436.47184817868
    ],
    [
     5517.922759106981,
     9594.525354182402
    ],
    [
     4680.661603336993,
     9615.928731912003
    ]
   ],
   "_area": 561299.0481809154,
   "_parentFid": null
  },
  {
   "type": "Feature",
   "properties": {
    "fid": "c4-41",
    "chast": 4,
    "num": "41",
    "status": "draft",
    "owner_id": "mon_sluck_troick"
   },
   "geometry": {
    "type": "Polygon",
    "coordinates": [
     [
      [
       23814.11621962623,
       9011.131298864477
      ],
      [
       23575.311511701337,
       9118.772133803071
      ],
      [
       22979.700125515545,
       9061.576774071355
      ],
      [
       23053.82490364916,
       8839.577350541593
      ],
      [
       24208.233371383827,
       7867.632387900143
      ],
      [
       23945.483666541848,
       8617.582912836837
      ],
      [
       23814.11621962623,
       9011.131298864477
      ]
     ]
    ]
   },
   "_ring": [
    [
     1798.1162196262303,
     9011.131298864477
    ],
    [
     1559.3115117013353,
     9118.772133803071
    ],
    [
     963.7001255155458,
     9061.576774071355
    ],
    [
     1037.8249036491625,
     8839.577350541593
    ],
    [
     2192.233371383828,
     7867.632387900143
    ],
    [
     1929.4836665418495,
     8617.582912836837
    ],
    [
     1798.1162196262303,
     9011.131298864477
    ]
   ],
   "_area": 595695.1345638502,
   "_parentFid": null
  },
  {
   "type": "Feature",
   "properties": {
    "fid": "c4-35",
    "chast": 4,
    "num": "35",
    "status": "draft",
    "owner_id": "komar"
   },
   "geometry": {
    "type": "Polygon",
    "coordinates": [
     [
      [
       27907.99266110027,
       10729.001811693452
      ],
      [
       28224.505478041814,
       10739.531270897589
      ],
      [
       28235.80673201496,
       10660.340435647598
      ],
      [
       28295.21408040616,
       10564.154348115144
      ],
      [
       28394.206715204797,
       10121.030777440237
      ],
      [
       27896.617837975147,
       10123.723499667132
      ],
      [
       27907.99266110027,
       10729.001811693452
      ]
     ]
    ]
   },
   "_ring": [
    [
     5891.99266110027,
     10729.001811693452
    ],
    [
     6208.505478041812,
     10739.531270897589
    ],
    [
     6219.806732014959,
     10660.340435647598
    ],
    [
     6279.214080406161,
     10564.154348115144
    ],
    [
     6378.206715204795,
     10121.030777440237
    ],
    [
     5880.617837975148,
     10123.723499667132
    ],
    [
     5891.99266110027,
     10729.001811693452
    ]
   ],
   "_area": 254557.35560101643,
   "_parentFid": null
  },
  {
   "type": "Feature",
   "properties": {
    "fid": "c4-36",
    "chast": 4,
    "num": "36",
    "status": "draft"
   },
   "geometry": {
    "type": "Polygon",
    "coordinates": [
     [
      [
       28713.02233595936,
       11815.047439766153
      ],
      [
       27482.800383237907,
       11341.332208737986
      ],
      [
       27533.820010707266,
       9259.912641096338
      ],
      [
       28861.107080786023,
       8629.626654854728
      ],
      [
       29331.205118945338,
       9158.674359976954
      ],
      [
       29423.95162408468,
       9314.203845498729
      ],
      [
       29440.606672178605,
       9410.226888938812
      ],
      [
       29525.51553128726,
       9466.794033912944
      ],
      [
       29681.16205332055,
       9483.766460022478
      ],
      [
       29989.630821770996,
       9664.757379750135
      ],
      [
       29896.110060275423,
       9978.675989216112
      ],
      [
       29494.68098399209,
       10108.873544125374
      ],
      [
       27892.589369642425,
       10123.079034024997
      ],
      [
       27907.331398260663,
       10731.091641869212
      ],
      [
       28230.002499209724,
       10739.625836471163
      ],
      [
       28660.005871119785,
       11485.996376613095
      ],
      [
       28610.00513722981,
       11616.997529508928
      ],
      [
       28705.271665110864,
       11735.139948009566
      ],
      [
       28713.02233595936,
       11815.047439766153
      ]
     ]
    ]
   },
   "_ring": [
    [
     6697.022335959358,
     11815.047439766153
    ],
    [
     5466.800383237908,
     11341.332208737986
    ],
    [
     5517.820010707266,
     9259.912641096338
    ],
    [
     6845.107080786025,
     8629.626654854728
    ],
    [
     7315.205118945338,
     9158.674359976954
    ],
    [
     7407.95162408468,
     9314.203845498729
    ],
    [
     7424.606672178605,
     9410.226888938812
    ],
    [
     7509.51553128726,
     9466.794033912944
    ],
    [
     7665.16205332055,
     9483.766460022478
    ],
    [
     7973.6308217709975,
     9664.757379750135
    ],
    [
     7880.110060275422,
     9978.675989216112
    ],
    [
     7478.680983992089,
     10108.873544125374
    ],
    [
     5876.589369642424,
     10123.079034024997
    ],
    [
     5891.331398260663,
     10731.091641869212
    ],
    [
     6214.002499209722,
     10739.625836471163
    ],
    [
     6644.005871119784,
     11485.996376613095
    ],
    [
     6594.005137229811,
     11616.997529508928
    ],
    [
     6689.271665110865,
     11735.139948009566
    ],
    [
     6697.022335959358,
     11815.047439766153
    ]
   ],
   "_area": 3557511.3194482103,
   "_parentFid": null
  },
  {
   "type": "Feature",
   "properties": {
    "fid": "c4-38",
    "chast": 4,
    "num": "38",
    "status": "draft",
    "owner_id": "krasinski_aleksandr"
   },
   "geometry": {
    "type": "Polygon",
    "coordinates": [
     [
      [
       27469.27990411294,
       11331.413670118973
      ],
      [
       26728.918830246213,
       10807.47691469041
      ],
      [
       27365.456037706463,
       10391.505242988032
      ],
      [
       27513.417875427866,
       10435.46900911898
      ],
      [
       27469.27990411294,
       11331.413670118973
      ]
     ]
    ]
   },
   "_ring": [
    [
     5453.279904112939,
     11331.413670118973
    ],
    [
     4712.918830246215,
     10807.47691469041
    ],
    [
     5349.456037706463,
     10391.505242988032
    ],
    [
     5497.417875427866,
     10435.46900911898
    ],
    [
     5453.279904112939,
     11331.413670118973
    ]
   ],
   "_area": 387990.2813663073,
   "_parentFid": null
  },
  {
   "type": "Feature",
   "properties": {
    "fid": "c4-39",
    "chast": 4,
    "num": "39",
    "status": "draft",
    "owner_id": "grabowski"
   },
   "geometry": {
    "type": "Polygon",
    "coordinates": [
     [
      [
       25547.77481807276,
       9703.946293969535
      ],
      [
       27361.27574874283,
       10379.654182919128
      ],
      [
       26735.374812095375,
       10793.331454760008
      ],
      [
       26344.816257640203,
       10585.210722980435
      ],
      [
       26274.215517783952,
       10457.388928056305
      ],
      [
       26038.88300959883,
       10134.528469062829
      ],
      [
       25561.15757416491,
       10121.022052246477
      ],
      [
       25251.265831531135,
       10020.192039693913
      ],
      [
       25143.724893446677,
       10100.885410705449
      ],
      [
       24672.57851922739,
       9868.843980481595
      ],
      [
       24396.64353843646,
       9962.993910059415
      ],
      [
       24173.99026333334,
       9781.035097778062
      ],
      [
       24742.77689329187,
       9263.059525398463
      ],
      [
       25183.532508476106,
       9178.978747561992
      ],
      [
       25547.77481807276,
       9703.946293969535
      ]
     ]
    ]
   },
   "_ring": [
    [
     3531.7748180727617,
     9703.946293969535
    ],
    [
     5345.27574874283,
     10379.654182919128
    ],
    [
     4719.374812095376,
     10793.331454760008
    ],
    [
     4328.816257640203,
     10585.210722980435
    ],
    [
     4258.21551778395,
     10457.388928056305
    ],
    [
     4022.8830095988305,
     10134.528469062829
    ],
    [
     3545.157574164911,
     10121.022052246477
    ],
    [
     3235.265831531134,
     10020.192039693913
    ],
    [
     3127.7248934466784,
     10100.885410705449
    ],
    [
     2656.578519227389,
     9868.843980481595
    ],
    [
     2380.64353843646,
     9962.993910059415
    ],
    [
     2157.99026333334,
     9781.035097778062
    ],
    [
     2726.776893291871,
     9263.059525398463
    ],
    [
     3167.5325084761075,
     9178.978747561992
    ],
    [
     3531.7748180727617,
     9703.946293969535
    ]
   ],
   "_area": 1516175.665682217,
   "_parentFid": null
  },
  {
   "type": "Feature",
   "properties": {
    "fid": "c4-44",
    "chast": 4,
    "num": "44",
    "status": "draft",
    "owner_id": "malinski"
   },
   "geometry": {
    "type": "Polygon",
    "coordinates": [
     [
      [
       27466.57742158523,
       8032.165358202402
      ],
      [
       27862.8856553739,
       9116.026351904766
      ],
      [
       27554.84455753541,
       9268.025693107145
      ],
      [
       26502.254509997103,
       8852.070491345246
      ],
      [
       26626.072505283795,
       7992.1383475000175
      ],
      [
       27466.57742158523,
       8032.165358202402
      ]
     ]
    ]
   },
   "_ring": [
    [
     5450.577421585231,
     8032.165358202402
    ],
    [
     5846.885655373898,
     9116.026351904766
    ],
    [
     5538.844557535409,
     9268.025693107145
    ],
    [
     4486.254509997105,
     8852.070491345246
    ],
    [
     4610.072505283796,
     7992.1383475000175
    ],
    [
     5450.577421585231,
     8032.165358202402
    ]
   ],
   "_area": 1192992.3469941877,
   "_parentFid": null
  },
  {
   "type": "Feature",
   "properties": {
    "fid": "c5-46",
    "chast": 5,
    "num": "46",
    "status": "draft",
    "owner_id": "rudnicki"
   },
   "geometry": {
    "type": "Polygon",
    "coordinates": [
     [
      [
       27126.80617467293,
       5884.057351500213
      ],
      [
       26919.982386640648,
       5828.005270380952
      ],
      [
       26764.01174223957,
       5836.003293988096
      ],
      [
       26369.70849585718,
       5827.843206166646
      ],
      [
       26629.714366976965,
       6823.674553976149
      ],
      [
       27612.349331627156,
       6791.984188857141
      ],
      [
       27640.557756379494,
       6571.963766130948
      ],
      [
       27126.80617467293,
       5884.057351500213
      ]
     ]
    ]
   },
   "_ring": [
    [
     5110.806174672929,
     5884.057351500213
    ],
    [
     4903.982386640648,
     5828.005270380952
    ],
    [
     4748.011742239569,
     5836.003293988096
    ],
    [
     4353.70849585718,
     5827.843206166646
    ],
    [
     4613.714366976965,
     6823.674553976149
    ],
    [
     5596.349331627156,
     6791.984188857141
    ],
    [
     5624.557756379492,
     6571.963766130948
    ],
    [
     5110.806174672929,
     5884.057351500213
    ]
   ],
   "_area": 902848.9917327445,
   "_parentFid": null
  },
  {
   "type": "Feature",
   "properties": {
    "fid": "c5-45",
    "chast": 5,
    "num": "45",
    "status": "draft",
    "owner_id": "daszkiewicz"
   },
   "geometry": {
    "type": "Polygon",
    "coordinates": [
     [
      [
       26261.162481717256,
       7675.667307202339
      ],
      [
       26109.22412847499,
       6955.763491654732
      ],
      [
       26631.83267308615,
       6832.00724677381
      ],
      [
       27614.39541687192,
       6795.752292095207
      ],
      [
       27464.243651471043,
       8031.894592380939
      ],
      [
       26647.618377214032,
       7987.889321999986
      ],
      [
       26719.84147976583,
       7839.900521559512
      ],
      [
       26261.162481717256,
       7675.667307202339
      ]
     ]
    ]
   },
   "_ring": [
    [
     4245.162481717257,
     7675.667307202339
    ],
    [
     4093.2241284749903,
     6955.763491654732
    ],
    [
     4615.832673086152,
     6832.00724677381
    ],
    [
     5598.395416871923,
     6795.752292095207
    ],
    [
     5448.243651471041,
     8031.894592380939
    ],
    [
     4631.618377214032,
     7987.889321999986
    ],
    [
     4703.841479765829,
     7839.900521559512
    ],
    [
     4245.162481717257,
     7675.667307202339
    ]
   ],
   "_area": 1454715.3519129716,
   "_parentFid": null
  },
  {
   "type": "Feature",
   "properties": {
    "fid": "c5-2",
    "chast": 5,
    "num": "2",
    "status": "draft",
    "owner_id": "wenkgrawowicz_p"
   },
   "geometry": {
    "type": "Polygon",
    "coordinates": [
     [
      [
       28755.577279375542,
       8054.058303589293
      ],
      [
       29462.13797131493,
       7906.049409821435
      ],
      [
       29628,
       8020.018446333335
      ],
      [
       29559.8884487241,
       8223.994070821427
      ],
      [
       29794.390429465646,
       8355.999011803571
      ],
      [
       29768.058711197842,
       8644.020752125001
      ],
      [
       29643.98825776043,
       8927.989129839283
      ],
      [
       29634.02642003903,
       9023.996706011905
      ],
      [
       29552.183472493256,
       9081.951578374994
      ],
      [
       29484.04403339838,
       9078.0378808631
      ],
      [
       29336.894795485532,
       9165.751536946016
      ],
      [
       28941.828269746315,
       8714.00065879762
      ],
      [
       28940.019081139297,
       8586.004282184524
      ],
      [
       28886.051372298112,
       8508.006917375002
      ],
      [
       28802.008806679674,
       8468.003623386905
      ],
      [
       28693.931014342535,
       8471.996047214285
      ],
      [
       28689.884045384264,
       8385.999670601192
      ],
      [
       28755.577279375542,
       8054.058303589293
      ]
     ]
    ]
   },
   "_ring": [
    [
     6739.577279375543,
     8054.058303589293
    ],
    [
     7446.137971314927,
     7906.049409821435
    ],
    [
     7612,
     8020.018446333335
    ],
    [
     7543.888448724101,
     8223.994070821427
    ],
    [
     7778.390429465644,
     8355.999011803571
    ],
    [
     7752.058711197841,
     8644.020752125001
    ],
    [
     7627.988257760431,
     8927.989129839283
    ],
    [
     7618.026420039028,
     9023.996706011905
    ],
    [
     7536.183472493254,
     9081.951578374994
    ],
    [
     7468.044033398381,
     9078.0378808631
    ],
    [
     7320.894795485533,
     9165.751536946016
    ],
    [
     6925.828269746315,
     8714.00065879762
    ],
    [
     6924.019081139299,
     8586.004282184524
    ],
    [
     6870.051372298111,
     8508.006917375002
    ],
    [
     6786.008806679676,
     8468.003623386905
    ],
    [
     6677.931014342536,
     8471.996047214285
    ],
    [
     6673.884045384264,
     8385.999670601192
    ],
    [
     6739.577279375543,
     8054.058303589293
    ]
   ],
   "_area": 886894.8720022216,
   "_parentFid": null
  },
  {
   "type": "Feature",
   "properties": {
    "fid": "c5-3",
    "chast": 5,
    "num": "3",
    "status": "draft",
    "owner_id": "wilczynowa"
   },
   "geometry": {
    "type": "Polygon",
    "coordinates": [
     [
      [
       27645.981219612597,
       6568.821284633295
      ],
      [
       27460.346216056027,
       8047.98810573725
      ],
      [
       27850.85997830924,
       9108.608080190555
      ],
      [
       28856.005871119785,
       8632.00065879762
      ],
      [
       28938.648758736148,
       8709.880428232129
      ],
      [
       28932.24805481088,
       8577.910403523798
      ],
      [
       28860.010274459622,
       8492.004940982144
      ],
      [
       28759.961837721403,
       8468.010540761905
      ],
      [
       28688.07045343741,
       8477.91600330356
      ],
      [
       28687.006244672622,
       8387.623308951017
      ],
      [
       28760.599319527988,
       8053.916423937885
      ],
      [
       29468.074484981313,
       7905.85085915513
      ],
      [
       29490.753537333614,
       7775.776769083748
      ],
      [
       29443.68987447365,
       7737.9434936494235
      ],
      [
       29277.967248245786,
       7748.880271367867
      ],
      [
       29125.777956719263,
       7832.948723136961
      ],
      [
       29198.69926297771,
       7644.214717322516
      ],
      [
       28803.935560587295,
       7781.6429621953575
      ],
      [
       28247.48368349007,
       7358.827729679527
      ],
      [
       28452.50557272383,
       6536.096968482545
      ],
      [
       27645.981219612597,
       6568.821284633295
      ]
     ]
    ]
   },
   "_ring": [
    [
     5629.981219612596,
     6568.821284633295
    ],
    [
     5444.346216056026,
     8047.98810573725
    ],
    [
     5834.859978309239,
     9108.608080190555
    ],
    [
     6840.005871119784,
     8632.00065879762
    ],
    [
     6922.648758736146,
     8709.880428232129
    ],
    [
     6916.24805481088,
     8577.910403523798
    ],
    [
     6844.010274459622,
     8492.004940982144
    ],
    [
     6743.961837721403,
     8468.010540761905
    ],
    [
     6672.070453437409,
     8477.91600330356
    ],
    [
     6671.006244672623,
     8387.623308951017
    ],
    [
     6744.599319527988,
     8053.916423937885
    ],
    [
     7452.074484981313,
     7905.85085915513
    ],
    [
     7474.753537333616,
     7775.776769083748
    ],
    [
     7427.68987447365,
     7737.9434936494235
    ],
    [
     7261.967248245786,
     7748.880271367867
    ],
    [
     7109.777956719261,
     7832.948723136961
    ],
    [
     7182.69926297771,
     7644.214717322516
    ],
    [
     6787.935560587294,
     7781.6429621953575
    ],
    [
     6231.483683490071,
     7358.827729679527
    ],
    [
     6436.5055727238305,
     6536.096968482545
    ],
    [
     5629.981219612596,
     6568.821284633295
    ]
   ],
   "_area": 2528477.4532697536,
   "_parentFid": null
  },
  {
   "type": "Feature",
   "properties": {
    "fid": "c5-4",
    "chast": 5,
    "num": "4",
    "status": "draft",
    "owner_id": "wolk_michail"
   },
   "geometry": {
    "type": "Polygon",
    "coordinates": [
     [
      [
       28377.947159921943,
       6857.949601982136
      ],
      [
       28840.06311453768,
       6894.0187757321455
      ],
      [
       29130.036493862768,
       7157.345767433568
      ],
      [
       28806.076324557194,
       7779.915015107132
      ],
      [
       28253.983854420592,
       7354.002964589286
      ],
      [
       28377.947159921943,
       6857.949601982136
      ]
     ]
    ]
   },
   "_ring": [
    [
     6361.947159921943,
     6857.949601982136
    ],
    [
     6824.063114537679,
     6894.0187757321455
    ],
    [
     7114.036493862767,
     7157.345767433568
    ],
    [
     6790.076324557193,
     7779.915015107132
    ],
    [
     6237.983854420594,
     7354.002964589286
    ],
    [
     6361.947159921943,
     6857.949601982136
    ]
   ],
   "_area": 501556.70956239104,
   "_parentFid": null
  },
  {
   "type": "Feature",
   "properties": {
    "fid": "c5-5",
    "chast": 5,
    "num": "5",
    "status": "draft",
    "owner_id": "pientkowski"
   },
   "geometry": {
    "type": "Polygon",
    "coordinates": [
     [
      [
       28812.36455579063,
       6601.2507713887
      ],
      [
       29108.988699617184,
       6489.884051619033
      ],
      [
       29122.11008349595,
       6516.029645892861
      ],
      [
       29576.438866203862,
       6556.025363708337
      ],
      [
       29842.46675402284,
       6739.998353005953
      ],
      [
       29133.850286445504,
       7151.945319797613
      ],
      [
       28838.002935559893,
       6888.002305791667
      ],
      [
       28812.36455579063,
       6601.2507713887
      ]
     ]
    ]
   },
   "_ring": [
    [
     6796.364555790631,
     6601.2507713887
    ],
    [
     7092.9886996171845,
     6489.884051619033
    ],
    [
     7106.1100834959525,
     6516.029645892861
    ],
    [
     7560.438866203864,
     6556.025363708337
    ],
    [
     7826.466754022838,
     6739.998353005953
    ],
    [
     7117.850286445505,
     7151.945319797613
    ],
    [
     6822.002935559892,
     6888.002305791667
    ],
    [
     6796.364555790631,
     6601.2507713887
    ]
   ],
   "_area": 406828.88367091864,
   "_parentFid": null
  },
  {
   "type": "Feature",
   "properties": {
    "fid": "c5-6",
    "chast": 5,
    "num": "6",
    "status": "draft",
    "owner_id": "bytowski_stepan",
    "owner_ids": [
     "bytowski_stepan",
     "wolk_samuil"
    ]
   },
   "geometry": {
    "type": "Polygon",
    "coordinates": [
     [
      [
       27629.28283967283,
       6555.7746912142575
      ],
      [
       27132.93644360557,
       5879.922920678562
      ],
      [
       28932.836634569238,
       5324.144935476208
      ],
      [
       29217.981418993597,
       5227.866118723244
      ],
      [
       29312.908528871205,
       4947.123534922168
      ],
      [
       29588.720795822792,
       4932.932177670554
      ],
      [
       30367.493836198424,
       5865.168316023196
      ],
      [
       29988.458462933086,
       6493.024232829304
      ],
      [
       30268.35813830683,
       6619.984188857141
      ],
      [
       30060.002935559893,
       6917.960472142852
      ],
      [
       29944.995596660163,
       6939.981553666665
      ],
      [
       29748.894319843886,
       7228.935767232135
      ],
      [
       29625.135035755033,
       7242.991600330356
      ],
      [
       29502.09026846668,
       7194.000823497024
      ],
      [
       29309.994128880215,
       7291.980565470236
      ],
      [
       29196.101276816276,
       7641.981883065474
      ],
      [
       28805.694701771226,
       7771.909744726179
      ],
      [
       29132.514164837863,
       7155.971507002972
      ],
      [
       29841.942756582102,
       6737.975295089283
      ],
      [
       29572.098078628078,
       6554.847333873125
      ],
      [
       29117.77906883252,
       6521.611818674923
      ],
      [
       29113.353884299973,
       6488.250951986157
      ],
      [
       28815.767589969415,
       6607.248049550991
      ],
      [
       28839.804828950953,
       6887.75599103067
      ],
      [
       28378.027660009688,
       6854.4370387465615
      ],
      [
       28449.987374046927,
       6531.748339309492
      ],
      [
       27629.28283967283,
       6555.7746912142575
      ]
     ]
    ]
   },
   "_ring": [
    [
     5613.282839672831,
     6555.7746912142575
    ],
    [
     5116.936443605568,
     5879.922920678562
    ],
    [
     6916.8366345692375,
     5324.144935476208
    ],
    [
     7201.981418993596,
     5227.866118723244
    ],
    [
     7296.908528871204,
     4947.123534922168
    ],
    [
     7572.720795822792,
     4932.932177670554
    ],
    [
     8351.493836198424,
     5865.168316023196
    ],
    [
     7972.458462933084,
     6493.024232829304
    ],
    [
     8252.35813830683,
     6619.984188857141
    ],
    [
     8044.002935559893,
     6917.960472142852
    ],
    [
     7928.995596660162,
     6939.981553666665
    ],
    [
     7732.894319843886,
     7228.935767232135
    ],
    [
     7609.135035755035,
     7242.991600330356
    ],
    [
     7486.090268466681,
     7194.000823497024
    ],
    [
     7293.9941288802165,
     7291.980565470236
    ],
    [
     7180.101276816276,
     7641.981883065474
    ],
    [
     6789.6947017712255,
     7771.909744726179
    ],
    [
     7116.514164837863,
     7155.971507002972
    ],
    [
     7825.942756582104,
     6737.975295089283
    ],
    [
     7556.09807862808,
     6554.847333873125
    ],
    [
     7101.779068832518,
     6521.611818674923
    ],
    [
     7097.353884299972,
     6488.250951986157
    ],
    [
     6799.767589969414,
     6607.248049550991
    ],
    [
     6823.804828950954,
     6887.75599103067
    ],
    [
     6362.027660009687,
     6854.4370387465615
    ],
    [
     6433.987374046927,
     6531.748339309492
    ],
    [
     5613.282839672831,
     6555.7746912142575
    ]
   ],
   "_area": 3859454.9182260577,
   "_parentFid": null
  },
  {
   "type": "Feature",
   "properties": {
    "fid": "c5-48",
    "chast": 5,
    "num": "48",
    "status": "draft",
    "owner_id": "sołtan"
   },
   "geometry": {
    "type": "Polygon",
    "coordinates": [
     [
      [
       24915.4221812048,
       5919.958997168348
      ],
      [
       24035.152391853942,
       5951.103372678503
      ],
      [
       24018.563767897816,
       5693.625199634872
      ],
      [
       23899.676419714695,
       5450.405156440687
      ],
      [
       23919.504470148204,
       5263.749929019315
      ],
      [
       23879.8545965441,
       5147.793733709999
      ],
      [
       23942.01149339641,
       5026.297144217171
      ],
      [
       24926.845904682017,
       5020.636563245567
      ],
      [
       24915.4221812048,
       5919.958997168348
      ]
     ]
    ]
   },
   "_ring": [
    [
     2899.422181204802,
     5919.958997168348
    ],
    [
     2019.152391853941,
     5951.103372678503
    ],
    [
     2002.563767897815,
     5693.625199634872
    ],
    [
     1883.6764197146936,
     5450.405156440687
    ],
    [
     1903.5044701482045,
     5263.749929019315
    ],
    [
     1863.8545965441015,
     5147.793733709999
    ],
    [
     1926.0114933964112,
     5026.297144217171
    ],
    [
     2910.8459046820185,
     5020.636563245567
    ],
    [
     2899.422181204802,
     5919.958997168348
    ]
   ],
   "_area": 883096.8865407361,
   "_parentFid": "c4-47"
  },
  {
   "type": "Feature",
   "properties": {
    "fid": "c6-50",
    "chast": 6,
    "num": "50",
    "status": "draft",
    "owner_id": "kielczewski"
   },
   "geometry": {
    "type": "Polygon",
    "coordinates": [
     [
      [
       24912.212643753723,
       3124.6248282159386
      ],
      [
       24925.694139917472,
       3444.151062517886
      ],
      [
       24481.55025405432,
       3457.6259024425294
      ],
      [
       24468.1847774747,
       3309.5649795744566
      ],
      [
       24464.680487211655,
       3128.134664743818
      ],
      [
       24912.212643753723,
       3124.6248282159386
      ]
     ]
    ]
   },
   "_ring": [
    [
     2896.212643753723,
     3124.6248282159386
    ],
    [
     2909.6941399174725,
     3444.151062517886
    ],
    [
     2465.550254054321,
     3457.6259024425294
    ],
    [
     2452.1847774747016,
     3309.5649795744566
    ],
    [
     2448.680487211657,
     3128.134664743818
    ],
    [
     2896.212643753723,
     3124.6248282159386
    ]
   ],
   "_area": 145760.23640354816,
   "_parentFid": "c4-47"
  },
  {
   "type": "Feature",
   "properties": {
    "fid": "c6-49",
    "chast": 6,
    "num": "49",
    "status": "draft",
    "owner_id": "puzyna_nikodim"
   },
   "geometry": {
    "type": "Polygon",
    "coordinates": [
     [
      [
       24855.86537850355,
       3962.465686878361
      ],
      [
       24736.961734945588,
       4228.65441022468
      ],
      [
       24503.880631393764,
       4228.676346735529
      ],
      [
       24479.77175259317,
       3597.6973459220526
      ],
      [
       24943.90364911136,
       3583.4923218626927
      ],
      [
       25107.885998208836,
       3719.229805115203
      ],
      [
       24855.86537850355,
       3962.465686878361
      ]
     ]
    ]
   },
   "_ring": [
    [
     2839.86537850355,
     3962.465686878361
    ],
    [
     2720.961734945589,
     4228.65441022468
    ],
    [
     2487.8806313937653,
     4228.676346735529
    ],
    [
     2463.7717525931694,
     3597.6973459220526
    ],
    [
     2927.903649111358,
     3583.4923218626927
    ],
    [
     3091.885998208837,
     3719.229805115203
    ],
    [
     2839.86537850355,
     3962.465686878361
    ]
   ],
   "_area": 269646.0272158552,
   "_parentFid": "c4-47"
  },
  {
   "type": "Feature",
   "properties": {
    "fid": "c6-52",
    "chast": 6,
    "num": "52",
    "status": "draft",
    "owner_id": "nowoselski"
   },
   "geometry": {
    "type": "Polygon",
    "coordinates": [
     [
      [
       28826.571861793807,
       4784.900146128155
      ],
      [
       29097.927525314455,
       4956.156155497155
      ],
      [
       29315.099372488163,
       4951.221360197235
      ],
      [
       29207.486847851796,
       5226.997159742069
      ],
      [
       28936.251213493448,
       5317.63829645763
      ],
      [
       28826.571861793807,
       4784.900146128155
      ]
     ]
    ]
   },
   "_ring": [
    [
     6810.571861793806,
     4784.900146128155
    ],
    [
     7081.927525314456,
     4956.156155497155
    ],
    [
     7299.099372488162,
     4951.221360197235
    ],
    [
     7191.486847851797,
     5226.997159742069
    ],
    [
     6920.251213493449,
     5317.63829645763
    ],
    [
     6810.571861793806,
     4784.900146128155
    ]
   ],
   "_area": 134265.13666226156,
   "_parentFid": null
  },
  {
   "type": "Feature",
   "properties": {
    "fid": "c7-11",
    "chast": 7,
    "num": "11",
    "status": "draft",
    "owner_id": "staszewski"
   },
   "geometry": {
    "type": "Polygon",
    "coordinates": [
     [
      [
       30452.26913279802,
       5374.737473807712
      ],
      [
       30009.733973502465,
       5427.07668891052
      ],
      [
       29776.649378961934,
       5136.935223147969
      ],
      [
       30021.675969412827,
       5127.882232955766
      ],
      [
       30209.93262284665,
       4828.194977981334
      ],
      [
       30524.049942529364,
       4847.966017438722
      ],
      [
       30874.918133045023,
       5068.5483951491315
      ],
      [
       30452.26913279802,
       5374.737473807712
      ]
     ]
    ]
   },
   "_ring": [
    [
     8436.26913279802,
     5374.737473807712
    ],
    [
     7993.733973502467,
     5427.07668891052
    ],
    [
     7760.649378961934,
     5136.935223147969
    ],
    [
     8005.675969412825,
     5127.882232955766
    ],
    [
     8193.932622846649,
     4828.194977981334
    ],
    [
     8508.049942529364,
     4847.966017438722
    ],
    [
     8858.918133045025,
     5068.5483951491315
    ],
    [
     8436.26913279802,
     5374.737473807712
    ]
   ],
   "_area": 374022.54571732134,
   "_parentFid": null
  },
  {
   "type": "Feature",
   "properties": {
    "fid": "c7-12",
    "chast": 7,
    "num": "12",
    "status": "draft",
    "owner_id": "niemczynowicz_p"
   },
   "geometry": {
    "type": "Polygon",
    "coordinates": [
     [
      [
       30031.26817357883,
       5118.347422971712
      ],
      [
       29746.561556767523,
       5132.415125330332
      ],
      [
       29571.69953542697,
       4917.158938558732
      ],
      [
       29493.51440684837,
       4642.726469269089
      ],
      [
       30209.970411790568,
       4823.433459812829
      ],
      [
       30031.26817357883,
       5118.347422971712
      ]
     ]
    ]
   },
   "_ring": [
    [
     8015.2681735788265,
     5118.347422971712
    ],
    [
     7730.561556767523,
     5132.415125330332
    ],
    [
     7555.69953542697,
     4917.158938558732
    ],
    [
     7477.51440684837,
     4642.726469269089
    ],
    [
     8193.970411790568,
     4823.433459812829
    ],
    [
     8015.2681735788265,
     5118.347422971712
    ]
   ],
   "_area": 208860.4998621866,
   "_parentFid": null
  },
  {
   "type": "Feature",
   "properties": {
    "fid": "c7-13",
    "chast": 7,
    "num": "13",
    "status": "draft",
    "owner_id": "woibdun_g"
   },
   "geometry": {
    "type": "Polygon",
    "coordinates": [
     [
      [
       29391.997064440107,
       3812.004611583334
      ],
      [
       29976.135035755033,
       3648.1119955952527
      ],
      [
       30426.636071360495,
       3723.4907116948384
      ],
      [
       30482.10808124755,
       3631.0103873752887
      ],
      [
       30623.497167096095,
       3767.22812790888
      ],
      [
       30653.722536511217,
       3810.9508636381793
      ],
      [
       30616.686066713202,
       3847.947536006561
      ],
      [
       30646.992896687396,
       3932.0266519013626
      ],
      [
       30586.613744409056,
       3952.2663338258635
      ],
      [
       30192.34346050737,
       4819.635026119001
      ],
      [
       29504.008806679674,
       4643.642272892812
      ],
      [
       29391.997064440107,
       3812.004611583334
      ]
     ]
    ]
   },
   "_ring": [
    [
     7375.997064440108,
     3812.004611583334
    ],
    [
     7960.135035755035,
     3648.1119955952527
    ],
    [
     8410.636071360494,
     3723.4907116948384
    ],
    [
     8466.108081247548,
     3631.0103873752887
    ],
    [
     8607.497167096093,
     3767.22812790888
    ],
    [
     8637.722536511217,
     3810.9508636381793
    ],
    [
     8600.686066713202,
     3847.947536006561
    ],
    [
     8630.992896687396,
     3932.0266519013626
    ],
    [
     8570.613744409058,
     3952.2663338258635
    ],
    [
     8176.343460507372,
     4819.635026119001
    ],
    [
     7488.008806679676,
     4643.642272892812
    ],
    [
     7375.997064440108,
     3812.004611583334
    ]
   ],
   "_area": 1040874.0907547921,
   "_parentFid": null
  },
  {
   "type": "Feature",
   "properties": {
    "fid": "c7-14",
    "chast": 7,
    "num": "14",
    "status": "draft",
    "owner_id": "woibdun_s"
   },
   "geometry": {
    "type": "Polygon",
    "coordinates": [
     [
      [
       30207.498019258455,
       4823.61262699995
      ],
      [
       30525.6717737226,
       4843.135124891372
      ],
      [
       30868.922900766047,
       5065.332319479735
      ],
      [
       31301.600331037604,
       4757.779452943
      ],
      [
       31404.1057646377,
       4177.6312819485875
      ],
      [
       31645.496388439555,
       4000.8115654742774
      ],
      [
       31570.524387845024,
       3841.0259298977303
      ],
      [
       31471.47546886694,
       3770.3322549487084
      ],
      [
       31420.5419852013,
       3835.3723365300852
      ],
      [
       31376.68787236474,
       3798.612333633795
      ],
      [
       31325.757502330554,
       3841.0277932587856
      ],
      [
       31276.244459490197,
       3792.956876905094
      ],
      [
       31218.23887013553,
       3846.6839487478824
      ],
      [
       31164.47695934514,
       3795.7780835057497
      ],
      [
       31099.43836687522,
       3821.0734745032114
      ],
      [
       31041.522371713778,
       3757.568230266897
      ],
      [
       30953.750835534323,
       3727.860195731651
      ],
      [
       30966.54103022487,
       3618.9762328348615
      ],
      [
       31024.489536336114,
       3553.9319586911092
      ],
      [
       31088.12499513429,
       3447.872463276822
      ],
      [
       31199.934010365472,
       3406.8365121145425
      ],
      [
       31226.99296169243,
       3316.375757350376
      ],
      [
       30755.774429205077,
       3358.844089845321
      ],
      [
       30604.469146188458,
       3371.5317167238504
      ],
      [
       30477.125577191386,
       3633.107887052654
      ],
      [
       30661.13421125862,
       3812.6948417037447
      ],
      [
       30615.801536476196,
       3853.7349854283993
      ],
      [
       30654.03719651793,
       3931.5055511925857
      ],
      [
       30589.784786930453,
       3950.588695849529
      ],
      [
       30207.498019258455,
       4823.61262699995
      ]
     ]
    ]
   },
   "_ring": [
    [
     8191.498019258457,
     4823.61262699995
    ],
    [
     8509.6717737226,
     4843.135124891372
    ],
    [
     8852.922900766047,
     5065.332319479735
    ],
    [
     9285.600331037605,
     4757.779452943
    ],
    [
     9388.1057646377,
     4177.6312819485875
    ],
    [
     9629.496388439555,
     4000.8115654742774
    ],
    [
     9554.524387845024,
     3841.0259298977303
    ],
    [
     9455.475468866944,
     3770.3322549487084
    ],
    [
     9404.541985201298,
     3835.3723365300852
    ],
    [
     9360.68787236474,
     3798.612333633795
    ],
    [
     9309.757502330553,
     3841.0277932587856
    ],
    [
     9260.244459490197,
     3792.956876905094
    ],
    [
     9202.23887013553,
     3846.6839487478824
    ],
    [
     9148.476959345138,
     3795.7780835057497
    ],
    [
     9083.43836687522,
     3821.0734745032114
    ],
    [
     9025.522371713776,
     3757.568230266897
    ],
    [
     8937.750835534322,
     3727.860195731651
    ],
    [
     8950.54103022487,
     3618.9762328348615
    ],
    [
     9008.489536336112,
     3553.9319586911092
    ],
    [
     9072.124995134289,
     3447.872463276822
    ],
    [
     9183.934010365472,
     3406.8365121145425
    ],
    [
     9210.992961692431,
     3316.375757350376
    ],
    [
     8739.77442920508,
     3358.844089845321
    ],
    [
     8588.469146188456,
     3371.5317167238504
    ],
    [
     8461.125577191384,
     3633.107887052654
    ],
    [
     8645.13421125862,
     3812.6948417037447
    ],
    [
     8599.801536476196,
     3853.7349854283993
    ],
    [
     8638.037196517927,
     3931.5055511925857
    ],
    [
     8573.784786930453,
     3950.588695849529
    ],
    [
     8191.498019258457,
     4823.61262699995
    ]
   ],
   "_area": 1324001.275428718,
   "_parentFid": null
  },
  {
   "type": "Feature",
   "properties": {
    "fid": "c7-53",
    "chast": 7,
    "num": "53",
    "status": "draft",
    "owner_id": "uzlowski_i"
   },
   "geometry": {
    "type": "Polygon",
    "coordinates": [
     [
      [
       29086.266933460392,
       4954.558908772105
      ],
      [
       28541.327929350522,
       4570.354381212375
      ],
      [
       28563.830801090116,
       4066.950253839223
      ],
      [
       29248.025139411067,
       4002.7494797105705
      ],
      [
       29416.07606036873,
       4046.463351750969
      ],
      [
       29496.799647731295,
       4661.902027138779
      ],
      [
       29594.385596431155,
       4930.994973806086
      ],
      [
       29086.266933460392,
       4954.558908772105
      ]
     ]
    ]
   },
   "_ring": [
    [
     7070.2669334603925,
     4954.558908772105
    ],
    [
     6525.327929350522,
     4570.354381212375
    ],
    [
     6547.830801090117,
     4066.950253839223
    ],
    [
     7232.0251394110655,
     4002.7494797105705
    ],
    [
     7400.076060368729,
     4046.463351750969
    ],
    [
     7480.7996477312945,
     4661.902027138779
    ],
    [
     7578.385596431155,
     4930.994973806086
    ],
    [
     7070.2669334603925,
     4954.558908772105
    ]
   ],
   "_area": 753072.0393091571,
   "_parentFid": null
  },
  {
   "type": "Feature",
   "properties": {
    "fid": "c7-54",
    "chast": 7,
    "num": "54",
    "status": "draft",
    "owner_id": "sziszka"
   },
   "geometry": {
    "type": "Polygon",
    "coordinates": [
     [
      [
       29966.687231966855,
       3648.2931340179757
      ],
      [
       29391.55678394205,
       3807.8474498132414
      ],
      [
       29244.198085848664,
       4005.2362447332926
      ],
      [
       28556.63738702061,
       4062.3283710620312
      ],
      [
       28594.503501310348,
       3313.168236121342
      ],
      [
       28299.580214935435,
       2812.0579741904835
      ],
      [
       28349.72552515009,
       2622.048092226197
      ],
      [
       29148.972496436334,
       3015.8997538603426
      ],
      [
       29681.773939339015,
       3141.951790816551
      ],
      [
       29966.687231966855,
       3648.2931340179757
      ]
     ]
    ]
   },
   "_ring": [
    [
     7950.6872319668555,
     3648.2931340179757
    ],
    [
     7375.55678394205,
     3807.8474498132414
    ],
    [
     7228.198085848663,
     4005.2362447332926
    ],
    [
     6540.637387020611,
     4062.3283710620312
    ],
    [
     6578.50350131035,
     3313.168236121342
    ],
    [
     6283.580214935435,
     2812.0579741904835
    ],
    [
     6333.725525150092,
     2622.048092226197
    ],
    [
     7132.972496436336,
     3015.8997538603426
    ],
    [
     7665.773939339013,
     3141.951790816551
    ],
    [
     7950.6872319668555,
     3648.2931340179757
    ]
   ],
   "_area": 1259779.612507781,
   "_parentFid": null
  },
  {
   "type": "Feature",
   "properties": {
    "fid": "c7-55",
    "chast": 7,
    "num": "55",
    "status": "draft",
    "owner_id": "muraszko_t"
   },
   "geometry": {
    "type": "Polygon",
    "coordinates": [
     [
      [
       29970.392811168756,
       3645.971741984341
      ],
      [
       30426.065735321827,
       3719.839855728512
      ],
      [
       30604.856993745678,
       3367.8447344963142
      ],
      [
       29674.41702101377,
       3141.457160015477
      ],
      [
       29970.392811168756,
       3645.971741984341
      ]
     ]
    ]
   },
   "_ring": [
    [
     7954.392811168757,
     3645.971741984341
    ],
    [
     8410.065735321825,
     3719.839855728512
    ],
    [
     8588.856993745676,
     3367.8447344963142
    ],
    [
     7658.41702101377,
     3141.457160015477
    ],
    [
     7954.392811168757,
     3645.971741984341
    ]
   ],
   "_area": 288008.4559224658,
   "_parentFid": null
  },
  {
   "type": "Feature",
   "properties": {
    "fid": "c7-56",
    "chast": 7,
    "num": "56",
    "status": "draft",
    "owner_id": "zabelowa"
   },
   "geometry": {
    "type": "Polygon",
    "coordinates": [
     [
      [
       31979.175235596063,
       1698.8024360849852
      ],
      [
       32928.42472602314,
       2277.3064849267184
      ],
      [
       33640.25539371061,
       1828.1317595238263
      ],
      [
       33952.07926011708,
       428.20883884526484
      ],
      [
       36257.65565577912,
       680.0520450119116
      ],
      [
       36104.03816227859,
       927.9973648095236
      ],
      [
       36023.976515520866,
       944.0072467738105
      ],
      [
       36008.023484479134,
       1051.9973648095236
      ],
      [
       35844.032291158815,
       1143.9367554285634
      ],
      [
       35339.77396188831,
       840.0085643690486
      ],
      [
       35035.91486876313,
       1104.0032939880957
      ],
      [
       34048.29355598921,
       1564.1383475000175
      ],
      [
       33656.408042824994,
       2975.949931380946
      ],
      [
       33272.16439135396,
       3063.900521559511
      ],
      [
       33168.34346050737,
       2643.968377714282
      ],
      [
       32468.290620429314,
       2628.036233869052
      ],
      [
       32466.456479563218,
       3233.965083726186
      ],
      [
       32366.38455834586,
       3411.985506452379
      ],
      [
       32328.393365025535,
       3591.9706835059487
      ],
      [
       31946.12622907536,
       4215.882734023795
      ],
      [
       31710.093937916547,
       4075.9571781547565
      ],
      [
       31627.983854420592,
       3965.999341202381
      ],
      [
       31590.092470136602,
       3849.982871261903
      ],
      [
       31480.05577563795,
       3781.9752950892826
      ],
      [
       31103.81946306664,
       3815.9640955297573
      ],
      [
       30959.85175422545,
       3725.981883065474
      ],
      [
       30963.907529863398,
       3617.9920944285705
      ],
      [
       31011.991193320326,
       3580.0026351904767
      ],
      [
       31087.975047740918,
       3446.009881964287
      ],
      [
       31219.371790183097,
       3415.8972275714154
      ],
      [
       31225.03282474751,
       3306.2463702435207
      ],
      [
       30611.438502039317,
       3360.061951736453
      ],
      [
       29154.229776115113,
       3015.0767620843953
      ],
      [
       28449.968028087762,
       2675.6934575306877
      ],
      [
       29149.361708501998,
       2293.8907337097457
      ],
      [
       29663.444219021818,
       2350.484431578921
      ],
      [
       29904.38569046473,
       2177.895873658525
      ],
      [
       30023.177553949765,
       2234.440658299989
      ],
      [
       30181.642124336267,
       2112.8429814698907
      ],
      [
       30412.663968179317,
       2087.353596848173
      ],
      [
       30452.36988714969,
       1585.420748469724
      ],
      [
       31820.97068994423,
       1449.8411451336985
      ],
      [
       31979.175235596063,
       1698.8024360849852
      ]
     ]
    ]
   },
   "_ring": [
    [
     9963.175235596062,
     1698.8024360849852
    ],
    [
     10912.42472602314,
     2277.3064849267184
    ],
    [
     11624.25539371061,
     1828.1317595238263
    ],
    [
     11936.079260117085,
     428.20883884526484
    ],
    [
     14241.655655779123,
     680.0520450119116
    ],
    [
     14088.038162278597,
     927.9973648095236
    ],
    [
     14007.976515520864,
     944.0072467738105
    ],
    [
     13992.023484479136,
     1051.9973648095236
    ],
    [
     13828.032291158812,
     1143.9367554285634
    ],
    [
     13323.773961888312,
     840.0085643690486
    ],
    [
     13019.91486876313,
     1104.0032939880957
    ],
    [
     12032.293555989207,
     1564.1383475000175
    ],
    [
     11640.408042824996,
     2975.949931380946
    ],
    [
     11256.164391353956,
     3063.900521559511
    ],
    [
     11152.34346050737,
     2643.968377714282
    ],
    [
     10452.290620429314,
     2628.036233869052
    ],
    [
     10450.456479563216,
     3233.965083726186
    ],
    [
     10350.38455834586,
     3411.985506452379
    ],
    [
     10312.393365025537,
     3591.9706835059487
    ],
    [
     9930.126229075358,
     4215.882734023795
    ],
    [
     9694.093937916547,
     4075.9571781547565
    ],
    [
     9611.983854420594,
     3965.999341202381
    ],
    [
     9574.0924701366,
     3849.982871261903
    ],
    [
     9464.05577563795,
     3781.9752950892826
    ],
    [
     9087.819463066638,
     3815.9640955297573
    ],
    [
     8943.85175422545,
     3725.981883065474
    ],
    [
     8947.9075298634,
     3617.9920944285705
    ],
    [
     8995.991193320324,
     3580.0026351904767
    ],
    [
     9071.975047740918,
     3446.009881964287
    ],
    [
     9203.371790183099,
     3415.8972275714154
    ],
    [
     9209.032824747512,
     3306.2463702435207
    ],
    [
     8595.438502039315,
     3360.061951736453
    ],
    [
     7138.229776115112,
     3015.0767620843953
    ],
    [
     6433.968028087761,
     2675.6934575306877
    ],
    [
     7133.361708501998,
     2293.8907337097457
    ],
    [
     7647.44421902182,
     2350.484431578921
    ],
    [
     7888.385690464729,
     2177.895873658525
    ],
    [
     8007.177553949764,
     2234.440658299989
    ],
    [
     8165.642124336268,
     2112.8429814698907
    ],
    [
     8396.663968179315,
     2087.353596848173
    ],
    [
     8436.369887149687,
     1585.420748469724
    ],
    [
     9804.970689944232,
     1449.8411451336985
    ],
    [
     9963.175235596062,
     1698.8024360849852
    ]
   ],
   "_area": 8335114.7224414535,
   "_parentFid": null
  },
  {
   "type": "Feature",
   "properties": {
    "fid": "c7-57",
    "chast": 7,
    "num": "57",
    "status": "draft",
    "owner_id": "esman"
   },
   "geometry": {
    "type": "Polygon",
    "coordinates": [
     [
      [
       31978.92131639857,
       1698.5074065248211
      ],
      [
       31826.608548983044,
       1441.7185812594673
      ],
      [
       30455.72382246914,
       1584.3302048886876
      ],
      [
       31361.22908363103,
       831.6908049908604
      ],
      [
       32136.454751802397,
       964.5430286064259
      ],
      [
       32243.73155862074,
       554.4998225228304
      ],
      [
       33064.43229611731,
       342.6209178454267
      ],
      [
       32984.05284007806,
       539.9934120238086
      ],
      [
       32880.008806679674,
       520.0131759523824
      ],
      [
       32755.891384283994,
       659.9683777142818
      ],
      [
       32690.181679221663,
       654.0921173368731
      ],
      [
       32695.031018882495,
       889.5237882347715
      ],
      [
       32814.037259606164,
       1008.4444997350436
      ],
      [
       32832.00496123613,
       1088.9262752569903
      ],
      [
       32699.961837721403,
       1305.9232500773712
      ],
      [
       32437.86643202491,
       1335.9558605595182
      ],
      [
       32173.952334177404,
       1793.1966275930927
      ],
      [
       31978.92131639857,
       1698.5074065248211
      ]
     ]
    ]
   },
   "_ring": [
    [
     9962.921316398568,
     1698.5074065248211
    ],
    [
     9810.608548983046,
     1441.7185812594673
    ],
    [
     8439.72382246914,
     1584.3302048886876
    ],
    [
     9345.229083631031,
     831.6908049908604
    ],
    [
     10120.4547518024,
     964.5430286064259
    ],
    [
     10227.73155862074,
     554.4998225228304
    ],
    [
     11048.432296117311,
     342.6209178454267
    ],
    [
     10968.052840078057,
     539.9934120238086
    ],
    [
     10864.008806679676,
     520.0131759523824
    ],
    [
     10739.891384283994,
     659.9683777142818
    ],
    [
     10674.181679221663,
     654.0921173368731
    ],
    [
     10679.031018882493,
     889.5237882347715
    ],
    [
     10798.037259606166,
     1008.4444997350436
    ],
    [
     10816.004961236129,
     1088.9262752569903
    ],
    [
     10683.961837721403,
     1305.9232500773712
    ],
    [
     10421.866432024912,
     1335.9558605595182
    ],
    [
     10157.952334177404,
     1793.1966275930927
    ],
    [
     9962.921316398568,
     1698.5074065248211
    ]
   ],
   "_area": 1402844.038228999,
   "_parentFid": null
  },
  {
   "type": "Feature",
   "properties": {
    "fid": "c7-58",
    "chast": 7,
    "num": "58",
    "status": "draft",
    "owner_id": "pawlinowski"
   },
   "geometry": {
    "type": "Polygon",
    "coordinates": [
     [
      [
       32937.86701609135,
       2280.2351907500297
      ],
      [
       32180.65643976171,
       1802.7604251093394
      ],
      [
       32437.79122995227,
       1335.405553245205
      ],
      [
       32700.249651583028,
       1303.4182506321854
      ],
      [
       32834.79554652541,
       1078.092358138681
      ],
      [
       32796.115545674635,
       978.7746203663959
      ],
      [
       32688.526471805275,
       882.9154759205321
      ],
      [
       32698.606120530265,
       647.5057512009369
      ],
      [
       32747.39292362572,
       677.7677735097787
      ],
      [
       32804.566474357605,
       615.5444856740636
      ],
      [
       32871.972720925456,
       521.3640871656476
      ],
      [
       32940.84723491898,
       528.0912584876774
      ],
      [
       33062.000499762056,
       351.53098730249076
      ],
      [
       33127.71389535314,
       340.279717339182
      ],
      [
       33962.841621975516,
       420.5033213810166
      ],
      [
       33638.415965791166,
       1824.2674718333674
      ],
      [
       32937.86701609135,
       2280.2351907500297
      ]
     ]
    ]
   },
   "_ring": [
    [
     10921.867016091352,
     2280.2351907500297
    ],
    [
     10164.656439761713,
     1802.7604251093394
    ],
    [
     10421.791229952269,
     1335.405553245205
    ],
    [
     10684.249651583028,
     1303.4182506321854
    ],
    [
     10818.79554652541,
     1078.092358138681
    ],
    [
     10780.115545674636,
     978.7746203663959
    ],
    [
     10672.526471805275,
     882.9154759205321
    ],
    [
     10682.606120530265,
     647.5057512009369
    ],
    [
     10731.39292362572,
     677.7677735097787
    ],
    [
     10788.566474357602,
     615.5444856740636
    ],
    [
     10855.972720925454,
     521.3640871656476
    ],
    [
     10924.84723491898,
     528.0912584876774
    ],
    [
     11046.000499762054,
     351.53098730249076
    ],
    [
     11111.713895353136,
     340.279717339182
    ],
    [
     11946.841621975516,
     420.5033213810166
    ],
    [
     11622.415965791168,
     1824.2674718333674
    ],
    [
     10921.867016091352,
     2280.2351907500297
    ]
   ],
   "_area": 2032476.5842820872,
   "_parentFid": null
  },
  {
   "type": "Feature",
   "properties": {
    "fid": "c7-60",
    "chast": 7,
    "num": "60",
    "status": "draft",
    "owner_id": "sporyn"
   },
   "geometry": {
    "type": "Polygon",
    "coordinates": [
     [
      [
       34140.29095708995,
       2873.8077356133863
      ],
      [
       34187.91780432302,
       3083.984188857141
      ],
      [
       34457.32388557827,
       3105.738759842574
      ],
      [
       34891.856157565286,
       2467.971012904758
      ],
      [
       35423.92073988292,
       2751.9525665714227
      ],
      [
       34915.65653949263,
       3207.9762832857114
      ],
      [
       34775.73873516961,
       3567.95454296428
      ],
      [
       35347.67121729209,
       3379.8721932618882
      ],
      [
       36168.63408093668,
       2459.919626690466
      ],
      [
       36412.1115512759,
       2319.9776008809495
      ],
      [
       36315.953031041725,
       1996.0191051309548
      ],
      [
       36348.2964915491,
       1908.009881964287
      ],
      [
       36075.96183772141,
       1616.0171287380974
      ],
      [
       35907.908997643346,
       1532.0263519047653
      ],
      [
       35717.983981334895,
       1479.6517746830716
      ],
      [
       34467.662410612415,
       2287.9815536666642
      ],
      [
       34140.29095708995,
       2873.8077356133863
      ]
     ]
    ]
   },
   "_ring": [
    [
     12124.29095708995,
     2873.8077356133863
    ],
    [
     12171.917804323022,
     3083.984188857141
    ],
    [
     12441.323885578273,
     3105.738759842574
    ],
    [
     12875.85615756529,
     2467.971012904758
    ],
    [
     13407.920739882913,
     2751.9525665714227
    ],
    [
     12899.65653949263,
     3207.9762832857114
    ],
    [
     12759.738735169605,
     3567.95454296428
    ],
    [
     13331.671217292089,
     3379.8721932618882
    ],
    [
     14152.634080936685,
     2459.919626690466
    ],
    [
     14396.111551275899,
     2319.9776008809495
    ],
    [
     14299.953031041727,
     1996.0191051309548
    ],
    [
     14332.2964915491,
     1908.009881964287
    ],
    [
     14059.961837721403,
     1616.0171287380974
    ],
    [
     13891.908997643346,
     1532.0263519047653
    ],
    [
     13701.983981334892,
     1479.6517746830716
    ],
    [
     12451.662410612413,
     2287.9815536666642
    ],
    [
     12124.29095708995,
     2873.8077356133863
    ]
   ],
   "_area": 2177483.731418725,
   "_parentFid": null
  },
  {
   "type": "Feature",
   "properties": {
    "fid": "c7-61",
    "chast": 7,
    "num": "61",
    "status": "draft",
    "owner_id": "wlazmiatinow"
   },
   "geometry": {
    "type": "Polygon",
    "coordinates": [
     [
      [
       34767.635097858,
       3577.9700954494724
      ],
      [
       35357.80742290953,
       3380.484470481153
      ],
      [
       36186.86427949182,
       2447.545323762212
      ],
      [
       36362.69063758236,
       2499.785041119386
      ],
      [
       36077.006887367956,
       3046.734526594283
      ],
      [
       36138.99576986263,
       3348.7884331240784
      ],
      [
       36275.19550443513,
       3422.598794106073
      ],
      [
       36253.437186505354,
       3570.039715025786
      ],
      [
       36158.23777950835,
       3693.7090287945007
      ],
      [
       36201.115564433945,
       3971.9478468750085
      ],
      [
       36096.372827112886,
       4314.405807782704
      ],
      [
       35998.6815487528,
       4300.167835445535
      ],
      [
       35941.70084590526,
       4226.447179123975
      ],
      [
       35765.6266276163,
       4164.611542931098
      ],
      [
       35715.707856695866,
       4190.764698099365
      ],
      [
       35622.89908238936,
       4147.962251597652
      ],
      [
       35551.64440317308,
       4202.604670036127
      ],
      [
       35504.372852613335,
       4378.547389375104
      ],
      [
       35224.88129357739,
       4369.890559796237
      ],
      [
       34887.981303778164,
       4885.2616532609545
      ],
      [
       34486.22382986001,
       5175.858594193157
      ],
      [
       33993.986176964696,
       4765.870357260703
      ],
      [
       34064.92933956566,
       4030.56688279631
      ],
      [
       34597.91078858447,
       4002.1326109838665
      ],
      [
       34767.635097858,
       3577.9700954494724
      ]
     ]
    ]
   },
   "_ring": [
    [
     12751.635097857998,
     3577.9700954494724
    ],
    [
     13341.807422909527,
     3380.484470481153
    ],
    [
     14170.864279491818,
     2447.545323762212
    ],
    [
     14346.690637582356,
     2499.785041119386
    ],
    [
     14061.006887367956,
     3046.734526594283
    ],
    [
     14122.995769862633,
     3348.7884331240784
    ],
    [
     14259.195504435129,
     3422.598794106073
    ],
    [
     14237.437186505354,
     3570.039715025786
    ],
    [
     14142.237779508354,
     3693.7090287945007
    ],
    [
     14185.115564433945,
     3971.9478468750085
    ],
    [
     14080.372827112886,
     4314.405807782704
    ],
    [
     13982.681548752798,
     4300.167835445535
    ],
    [
     13925.700845905263,
     4226.447179123975
    ],
    [
     13749.6266276163,
     4164.611542931098
    ],
    [
     13699.70785669587,
     4190.764698099365
    ],
    [
     13606.89908238936,
     4147.962251597652
    ],
    [
     13535.64440317308,
     4202.604670036127
    ],
    [
     13488.372852613336,
     4378.547389375104
    ],
    [
     13208.881293577388,
     4369.890559796237
    ],
    [
     12871.981303778164,
     4885.2616532609545
    ],
    [
     12470.223829860013,
     5175.858594193157
    ],
    [
     11977.9861769647,
     4765.870357260703
    ],
    [
     12048.929339565655,
     4030.56688279631
    ],
    [
     12581.910788584468,
     4002.1326109838665
    ],
    [
     12751.635097857998,
     3577.9700954494724
    ]
   ],
   "_area": 2572043.119894143,
   "_parentFid": null
  },
  {
   "type": "Feature",
   "properties": {
    "fid": "c7-62",
    "chast": 7,
    "num": "62",
    "status": "draft",
    "owner_id": "plebania_uniat_nikol"
   },
   "geometry": {
    "type": "Polygon",
    "coordinates": [
     [
      [
       34435.89583218114,
       4711.461922383769
      ],
      [
       34766.739779361604,
       4742.561891864932
      ],
      [
       34928.60635006732,
       4823.266585641017
      ],
      [
       34885.93802446433,
       4894.629980796604
      ],
      [
       34748.05981889822,
       4849.4252249369965
      ],
      [
       34417.285691491954,
       4866.03377703601
      ],
      [
       34435.89583218114,
       4711.461922383769
      ]
     ]
    ]
   },
   "_ring": [
    [
     12419.895832181137,
     4711.461922383769
    ],
    [
     12750.739779361606,
     4742.561891864932
    ],
    [
     12912.606350067315,
     4823.266585641017
    ],
    [
     12869.938024464334,
     4894.629980796604
    ],
    [
     12732.05981889822,
     4849.4252249369965
    ],
    [
     12401.285691491956,
     4866.03377703601
    ],
    [
     12419.895832181137,
     4711.461922383769
    ]
   ],
   "_area": 58664.37291609123,
   "_parentFid": null
  },
  {
   "type": "Feature",
   "properties": {
    "fid": "c7-59",
    "chast": 7,
    "num": "59",
    "status": "draft",
    "owner_id": "zhegulin"
   },
   "geometry": {
    "type": "Polygon",
    "coordinates": [
     [
      [
       32473.236026065915,
       3224.628662176281
      ],
      [
       32364.04413259252,
       3415.720130799476
      ],
      [
       32328.536408514035,
       3592.2524259665693
      ],
      [
       32456.499539489105,
       3630.957759222439
      ],
      [
       32777.93101434254,
       3267.979577273807
      ],
      [
       33746.34786384721,
       3183.9799066726164
      ],
      [
       34331.720380525476,
       3298.8158805490352
      ],
      [
       34462.390032638665,
       3103.8454556466063
      ],
      [
       34186.315941533816,
       3089.5593013302537
      ],
      [
       34122.44611070032,
       2873.158469783071
      ],
      [
       34464.53804161379,
       2287.9855238392342
      ],
      [
       35723.516860206946,
       1460.3855095641425
      ],
      [
       35744.177262187375,
       1372.334042457716
      ],
      [
       35832.23444451694,
       1339.0342846206
      ],
      [
       35846.70915273652,
       1151.1520955992262
      ],
      [
       35339.848588580804,
       834.897430456024
      ],
      [
       35031.37388235439,
       1106.145551784071
      ],
      [
       34053.28358463982,
       1560.4645841197673
      ],
      [
       33634.089534576706,
       2976.0240461130984
      ],
      [
       33275.867899804856,
       3059.9749656904733
      ],
      [
       33163.94930420112,
       2630.719525213891
      ],
      [
       32456.182433145186,
       2653.315265073914
      ],
      [
       32473.236026065915,
       3224.628662176281
      ]
     ]
    ]
   },
   "_ring": [
    [
     10457.236026065915,
     3224.628662176281
    ],
    [
     10348.044132592522,
     3415.720130799476
    ],
    [
     10312.536408514035,
     3592.2524259665693
    ],
    [
     10440.499539489105,
     3630.957759222439
    ],
    [
     10761.931014342535,
     3267.979577273807
    ],
    [
     11730.34786384721,
     3183.9799066726164
    ],
    [
     12315.720380525478,
     3298.8158805490352
    ],
    [
     12446.390032638663,
     3103.8454556466063
    ],
    [
     12170.315941533812,
     3089.5593013302537
    ],
    [
     12106.446110700324,
     2873.158469783071
    ],
    [
     12448.538041613794,
     2287.9855238392342
    ],
    [
     13707.516860206946,
     1460.3855095641425
    ],
    [
     13728.177262187377,
     1372.334042457716
    ],
    [
     13816.234444516938,
     1339.0342846206
    ],
    [
     13830.709152736517,
     1151.1520955992262
    ],
    [
     13323.848588580806,
     834.897430456024
    ],
    [
     13015.37388235439,
     1106.145551784071
    ],
    [
     12037.28358463982,
     1560.4645841197673
    ],
    [
     11618.089534576708,
     2976.0240461130984
    ],
    [
     11259.867899804856,
     3059.9749656904733
    ],
    [
     11147.949304201125,
     2630.719525213891
    ],
    [
     10440.182433145188,
     2653.315265073914
    ],
    [
     10457.236026065915,
     3224.628662176281
    ]
   ],
   "_area": 2610471.695395613,
   "_parentFid": null
  },
  {
   "type": "Feature",
   "properties": {
    "fid": "c1-10",
    "chast": 1,
    "num": "10",
    "owner_id": "plebania_bobr_fara",
    "status": "draft"
   },
   "geometry": {
    "type": "Polygon",
    "coordinates": [
     [
      [
       30892.783345899497,
       5707.968112412351
      ],
      [
       31456.265668170232,
       5481.958825148804
      ],
      [
       31818.63439385141,
       4963.751279232888
      ],
      [
       32178.588579758358,
       4450.110348601204
      ],
      [
       32083.211268726798,
       4374.335970950211
      ],
      [
       32105.08307874437,
       4300.348963007243
      ],
      [
       31997.518461744,
       4255.370002714107
      ],
      [
       31633.8884487241,
       4008.049739220244
      ],
      [
       31393.749009629228,
       4170.071479541676
      ],
      [
       31295.00536032782,
       4757.747033771529
      ],
      [
       30443.986789980485,
       5383.997364809524
      ],
      [
       30892.783345899497,
       5707.968112412351
      ]
     ]
    ]
   },
   "_ring": [
    [
     8876.783345899497,
     5707.968112412351
    ],
    [
     9440.265668170232,
     5481.958825148804
    ],
    [
     9802.634393851411,
     4963.751279232888
    ],
    [
     10162.588579758358,
     4450.110348601204
    ],
    [
     10067.211268726798,
     4374.335970950211
    ],
    [
     10089.083078744368,
     4300.348963007243
    ],
    [
     9981.518461743999,
     4255.370002714107
    ],
    [
     9617.888448724101,
     4008.049739220244
    ],
    [
     9377.749009629228,
     4170.071479541676
    ],
    [
     9279.005360327821,
     4757.747033771529
    ],
    [
     8427.986789980485,
     5383.997364809524
    ],
    [
     8876.783345899497,
     5707.968112412351
    ]
   ],
   "_area": 1201905.4375772327,
   "_parentFid": null
  },
  {
   "type": "Feature",
   "properties": {
    "fid": "c1-А",
    "chast": 1,
    "num": "А",
    "owner_id": "bobruisk_gorod",
    "status": "draft"
   },
   "geometry": {
    "type": "Polygon",
    "coordinates": [
     [
      [
       32662.105385043527,
       5639.139250391504
      ],
      [
       32693.338154327495,
       5674.555266368545
      ],
      [
       32569.577496359336,
       5697.892497086426
      ],
      [
       32301.961500955196,
       5612.015312757829
      ],
      [
       32573.127193046756,
       5520.061251031315
      ],
      [
       32624.00950292878,
       5526.175618191347
      ],
      [
       32662.105385043527,
       5639.139250391504
      ]
     ]
    ]
   },
   "_ring": [
    [
     10646.10538504353,
     5639.139250391504
    ],
    [
     10677.338154327497,
     5674.555266368545
    ],
    [
     10553.577496359336,
     5697.892497086426
    ],
    [
     10285.961500955196,
     5612.015312757829
    ],
    [
     10557.127193046756,
     5520.061251031315
    ],
    [
     10608.00950292878,
     5526.175618191347
    ],
    [
     10646.10538504353,
     5639.139250391504
    ]
   ],
   "_area": 37384.01576463133,
   "_parentFid": null
  },
  {
   "type": "Feature",
   "properties": {
    "fid": "c1-С",
    "chast": 1,
    "num": "С",
    "owner_id": "cerkvi_bobr_grek",
    "status": "draft"
   },
   "geometry": {
    "type": "Polygon",
    "coordinates": [
     [
      [
       32533.919043695554,
       5605.386532084139
      ],
      [
       32528.899687109177,
       5592.03318904116
      ],
      [
       32302.709820734926,
       5681.014898906612
      ],
      [
       32304.353707640614,
       5694.57506981794
      ],
      [
       32533.919043695554,
       5605.386532084139
      ]
     ]
    ]
   },
   "_ring": [
    [
     10517.919043695552,
     5605.386532084139
    ],
    [
     10512.899687109177,
     5592.03318904116
    ],
    [
     10286.709820734928,
     5681.014898906612
    ],
    [
     10288.353707640616,
     5694.57506981794
    ],
    [
     10517.919043695552,
     5605.386532084139
    ]
   ],
   "_area": 3363.2914357855916,
   "_parentFid": null
  },
  {
   "type": "Feature",
   "properties": {
    "fid": "c1-S",
    "chast": 1,
    "num": "S",
    "owner_id": "cerkvi_bobr_grek",
    "status": "draft"
   },
   "geometry": {
    "type": "Polygon",
    "coordinates": [
     [
      [
       32517.93690575449,
       5700.668138906038
      ],
      [
       32511.58827916225,
       5685.0911493121575
      ],
      [
       32375.818952856724,
       5729.612145507002
      ],
      [
       32309.336700917647,
       5767.895391689212
      ],
      [
       32314.99829333632,
       5780.620268444505
      ],
      [
       32384.302855854472,
       5744.5375205635555
      ],
      [
       32517.93690575449,
       5700.668138906038
      ]
     ]
    ]
   },
   "_ring": [
    [
     10501.936905754492,
     5700.668138906038
    ],
    [
     10495.58827916225,
     5685.0911493121575
    ],
    [
     10359.818952856722,
     5729.612145507002
    ],
    [
     10293.336700917647,
     5767.895391689212
    ],
    [
     10298.998293336319,
     5780.620268444505
    ],
    [
     10368.302855854472,
     5744.5375205635555
    ],
    [
     10501.936905754492,
     5700.668138906038
    ]
   ],
   "_area": 3583.744088668376,
   "_parentFid": null
  },
  {
   "type": "Feature",
   "properties": {
    "fid": "c1-d",
    "chast": 1,
    "num": "d",
    "owner_id": "plebania_bobr_fara",
    "status": "draft"
   },
   "geometry": {
    "type": "Polygon",
    "coordinates": [
     [
      [
       32288.331578508678,
       5627.94941774745
      ],
      [
       32290.704921799348,
       5647.462074901635
      ],
      [
       32563.094202406995,
       5561.311139524735
      ],
      [
       32564.266602980202,
       5539.920491644525
      ],
      [
       32288.331578508678,
       5627.94941774745
      ]
     ]
    ]
   },
   "_ring": [
    [
     10272.331578508678,
     5627.94941774745
    ],
    [
     10274.704921799348,
     5647.462074901635
    ],
    [
     10547.094202406997,
     5561.311139524735
    ],
    [
     10548.266602980202,
     5539.920491644525
    ],
    [
     10272.331578508678,
     5627.94941774745
    ]
   ],
   "_area": 5659.364086147398,
   "_parentFid": null
  },
  {
   "type": "Feature",
   "properties": {
    "fid": "c1-1",
    "chast": 1,
    "num": "1",
    "owner_id": "starostwo_bobr",
    "status": "draft"
   },
   "geometry": {
    "type": "Polygon",
    "coordinates": [
     [
      [
       32456.441703597447,
       6230.206864546953
      ],
      [
       32484.71718769479,
       6233.142554118669
      ],
      [
       32491.79015077433,
       6251.51616430728
      ],
      [
       32474.10981064022,
       6335.695708002539
      ],
      [
       32472.498781675797,
       6366.001674832887
      ],
      [
       32442.497928848854,
       6411.49114731188
      ],
      [
       32398.43818574429,
       6454.460886017928
      ],
      [
       32515.127431306464,
       6719.604950187766
      ],
      [
       32606.262976900085,
       6898.652222858739
      ],
      [
       32507.019578767526,
       6854.861227049718
      ],
      [
       32481.79555486639,
       6982.749107383393
      ],
      [
       32636.540984962165,
       7166.121665125249
      ],
      [
       32559.159664244857,
       7224.969123416749
      ],
      [
       32597.85032460351,
       7292.2585417464
      ],
      [
       32644.94380220797,
       7309.068422274495
      ],
      [
       32626.438958650117,
       7371.320509889601
      ],
      [
       32646.624160760242,
       7399.91018323053
      ],
      [
       32599.526995011744,
       7505.906589548183
      ],
      [
       32552.433927201062,
       7531.120605562628
      ],
      [
       32424.604968475258,
       7497.462215176939
      ],
      [
       32399.37971519278,
       7438.617975996231
      ],
      [
       32195.902043009126,
       7403.240773005932
      ],
      [
       32175.73056899069,
       7460.457944239589
      ],
      [
       32251.42149120807,
       7507.5569960484745
      ],
      [
       32235.996588692233,
       7803.978978624806
      ],
      [
       32280.007309945217,
       7976.006569179748
      ],
      [
       32188.01510722011,
       8487.951388069861
      ],
      [
       32308.033625747994,
       8736.031532062792
      ],
      [
       32300.025341143417,
       8868.028904390892
      ],
      [
       31878.013487994038,
       9173.317361283938
      ],
      [
       31648.008284604577,
       9591.939563546315
      ],
      [
       31283.992446389944,
       9640.001914094728
      ],
      [
       31212.019980516925,
       9719.928221447679
      ],
      [
       31192.021929835646,
       9861.977030863258
      ],
      [
       31140.016812873997,
       9959.990429526357
      ],
      [
       30812.053849929755,
       10099.984687242171
      ],
      [
       30783.019615019664,
       10016.018662423603
      ],
      [
       30431.98099414244,
       9854.9598040107
      ],
      [
       30364.408546206767,
       9778.183340324154
      ],
      [
       30192.977993323526,
       9715.934109007994
      ],
      [
       30108.125524175262,
       9724.438338953305
      ],
      [
       29989.322280894623,
       9642.37199478543
      ],
      [
       29689.479715171146,
       9481.094802961677
      ],
      [
       29533.943446245754,
       9464.015962664207
      ],
      [
       29439.202164578666,
       9405.94320089431
      ],
      [
       29425.063474896157,
       9311.179387725731
      ],
      [
       29340.19119158587,
       9168.297799967728
      ],
      [
       29488.697916291112,
       9076.329253924518
      ],
      [
       29552.33993875676,
       9079.169862273526
      ],
      [
       29638.580087719987,
       9034.027366234666
      ],
      [
       29647.992933719623,
       8930.043067131393
      ],
      [
       29771.988304087656,
       8645.953104679149
      ],
      [
       30026.490433619467,
       8574.24020554637
      ],
      [
       30109.644234297542,
       8419.79009904803
      ],
      [
       29981.189002583982,
       8096.20739850365
      ],
      [
       29752.841242514078,
       7889.263736070012
      ],
      [
       29753.931476824262,
       7837.24070137829
      ],
      [
       29639.555631361174,
       7798.553028055037
      ],
      [
       29550.416718303357,
       7675.732255210727
      ],
      [
       29567.242022896502,
       7635.379689388621
      ],
      [
       29419.225198400993,
       7569.7680400009895
      ],
      [
       29711.872313279215,
       7426.736781193468
      ],
      [
       29863.242478591194,
       7216.437028276439
      ],
      [
       30019.653514663092,
       7112.087809348287
      ],
      [
       30263.498517613632,
       7229.928390694601
      ],
      [
       30101.304137022576,
       6859.125273530137
      ],
      [
       30290.465001701927,
       6670.159138444577
      ],
      [
       30346.353099819662,
       6764.196412605058
      ],
      [
       31033.795078016716,
       6696.356976928222
      ],
      [
       31105.12722115954,
       6915.133527880068
      ],
      [
       31220.466692220587,
       6949.739468542555
      ],
      [
       31276.36435268107,
       6929.497908781739
      ],
      [
       31306.090473804667,
       6994.8798303648855
      ],
      [
       31322.673451203344,
       7123.211767307029
      ],
      [
       31413.833544351713,
       7122.341936203998
      ],
      [
       31408.784887509937,
       7043.2703107284215
      ],
      [
       31452.51846759742,
       6997.858685193929
      ],
      [
       31423.922252365846,
       6920.4913863244
      ],
      [
       31462.609429477354,
       6785.900477999632
      ],
      [
       31442.42402247034,
       6716.924438173288
      ],
      [
       31464.24553030119,
       6671.562708856062
      ],
      [
       31644.24141599703,
       5880.919688870805
      ],
      [
       31667.804341653646,
       5838.3401896069
      ],
      [
       31768.717648597038,
       5811.412592042881
      ],
      [
       31876.36365907851,
       5835.815086028046
      ],
      [
       31906.62845129113,
       5815.622707563035
      ],
      [
       32089.959032186365,
       5821.519042191034
      ],
      [
       32206.853264060504,
       5790.383341051107
      ],
      [
       32264.006969011265,
       5803.865850914592
      ],
      [
       32282.548489112596,
       5823.059194146719
      ],
      [
       32245.501408314292,
       6016.64282313745
      ],
      [
       32264.848685014083,
       6089.764596268121
      ],
      [
       32171.49883562793,
       6236.928309547951
      ],
      [
       32195.515769249858,
       6386.380013395086
      ],
      [
       32331.27432698907,
       6416.338702689844
      ],
      [
       32447.24569720374,
       6284.746799349642
      ],
      [
       32456.441703597447,
       6230.206864546953
      ]
     ]
    ]
   },
   "_ring": [
    [
     10440.441703597446,
     6230.206864546953
    ],
    [
     10468.717187694792,
     6233.142554118669
    ],
    [
     10475.79015077433,
     6251.51616430728
    ],
    [
     10458.10981064022,
     6335.695708002539
    ],
    [
     10456.498781675797,
     6366.001674832887
    ],
    [
     10426.497928848856,
     6411.49114731188
    ],
    [
     10382.43818574429,
     6454.460886017928
    ],
    [
     10499.127431306464,
     6719.604950187766
    ],
    [
     10590.262976900083,
     6898.652222858739
    ],
    [
     10491.019578767526,
     6854.861227049718
    ],
    [
     10465.795554866387,
     6982.749107383393
    ],
    [
     10620.540984962163,
     7166.121665125249
    ],
    [
     10543.159664244857,
     7224.969123416749
    ],
    [
     10581.850324603509,
     7292.2585417464
    ],
    [
     10628.94380220797,
     7309.068422274495
    ],
    [
     10610.438958650117,
     7371.320509889601
    ],
    [
     10630.624160760242,
     7399.91018323053
    ],
    [
     10583.526995011744,
     7505.906589548183
    ],
    [
     10536.433927201062,
     7531.120605562628
    ],
    [
     10408.60496847526,
     7497.462215176939
    ],
    [
     10383.379715192777,
     7438.617975996231
    ],
    [
     10179.902043009124,
     7403.240773005932
    ],
    [
     10159.73056899069,
     7460.457944239589
    ],
    [
     10235.421491208072,
     7507.5569960484745
    ],
    [
     10219.996588692233,
     7803.978978624806
    ],
    [
     10264.007309945217,
     7976.006569179748
    ],
    [
     10172.015107220113,
     8487.951388069861
    ],
    [
     10292.033625747994,
     8736.031532062792
    ],
    [
     10284.025341143415,
     8868.028904390892
    ],
    [
     9862.013487994036,
     9173.317361283938
    ],
    [
     9632.008284604577,
     9591.939563546315
    ],
    [
     9267.992446389944,
     9640.001914094728
    ],
    [
     9196.019980516923,
     9719.928221447679
    ],
    [
     9176.021929835648,
     9861.977030863258
    ],
    [
     9124.016812873997,
     9959.990429526357
    ],
    [
     8796.053849929756,
     10099.984687242171
    ],
    [
     8767.019615019663,
     10016.018662423603
    ],
    [
     8415.98099414244,
     9854.9598040107
    ],
    [
     8348.408546206769,
     9778.183340324154
    ],
    [
     8176.977993323525,
     9715.934109007994
    ],
    [
     8092.1255241752615,
     9724.438338953305
    ],
    [
     7973.322280894623,
     9642.37199478543
    ],
    [
     7673.479715171145,
     9481.094802961677
    ],
    [
     7517.943446245754,
     9464.015962664207
    ],
    [
     7423.202164578665,
     9405.94320089431
    ],
    [
     7409.063474896156,
     9311.179387725731
    ],
    [
     7324.191191585869,
     9168.297799967728
    ],
    [
     7472.697916291113,
     9076.329253924518
    ],
    [
     7536.339938756758,
     9079.169862273526
    ],
    [
     7622.580087719988,
     9034.027366234666
    ],
    [
     7631.9929337196245,
     8930.043067131393
    ],
    [
     7755.988304087655,
     8645.953104679149
    ],
    [
     8010.490433619469,
     8574.24020554637
    ],
    [
     8093.644234297543,
     8419.79009904803
    ],
    [
     7965.189002583983,
     8096.20739850365
    ],
    [
     7736.84124251408,
     7889.263736070012
    ],
    [
     7737.931476824263,
     7837.24070137829
    ],
    [
     7623.555631361175,
     7798.553028055037
    ],
    [
     7534.416718303355,
     7675.732255210727
    ],
    [
     7551.242022896502,
     7635.379689388621
    ],
    [
     7403.225198400993,
     7569.7680400009895
    ],
    [
     7695.872313279213,
     7426.736781193468
    ],
    [
     7847.242478591192,
     7216.437028276439
    ],
    [
     8003.653514663091,
     7112.087809348287
    ],
    [
     8247.49851761363,
     7229.928390694601
    ],
    [
     8085.304137022575,
     6859.125273530137
    ],
    [
     8274.465001701927,
     6670.159138444577
    ],
    [
     8330.353099819662,
     6764.196412605058
    ],
    [
     9017.795078016718,
     6696.356976928222
    ],
    [
     9089.127221159539,
     6915.133527880068
    ],
    [
     9204.466692220587,
     6949.739468542555
    ],
    [
     9260.364352681068,
     6929.497908781739
    ],
    [
     9290.090473804668,
     6994.8798303648855
    ],
    [
     9306.673451203344,
     7123.211767307029
    ],
    [
     9397.833544351712,
     7122.341936203998
    ],
    [
     9392.784887509935,
     7043.2703107284215
    ],
    [
     9436.51846759742,
     6997.858685193929
    ],
    [
     9407.922252365848,
     6920.4913863244
    ],
    [
     9446.609429477354,
     6785.900477999632
    ],
    [
     9426.424022470339,
     6716.924438173288
    ],
    [
     9448.245530301187,
     6671.562708856062
    ],
    [
     9628.24141599703,
     5880.919688870805
    ],
    [
     9651.804341653644,
     5838.3401896069
    ],
    [
     9752.717648597038,
     5811.412592042881
    ],
    [
     9860.363659078512,
     5835.815086028046
    ],
    [
     9890.628451291128,
     5815.622707563035
    ],
    [
     10073.959032186365,
     5821.519042191034
    ],
    [
     10190.853264060504,
     5790.383341051107
    ],
    [
     10248.006969011265,
     5803.865850914592
    ],
    [
     10266.548489112594,
     5823.059194146719
    ],
    [
     10229.501408314292,
     6016.64282313745
    ],
    [
     10248.848685014082,
     6089.764596268121
    ],
    [
     10155.498835627928,
     6236.928309547951
    ],
    [
     10179.515769249858,
     6386.380013395086
    ],
    [
     10315.274326989069,
     6416.338702689844
    ],
    [
     10431.245697203738,
     6284.746799349642
    ],
    [
     10440.441703597446,
     6230.206864546953
    ]
   ],
   "_area": 7970615.052468888,
   "_parentFid": null
  },
  {
   "type": "Feature",
   "properties": {
    "fid": "c1-8",
    "chast": 1,
    "num": "8",
    "owner_id": "griniewicz",
    "status": "draft"
   },
   "geometry": {
    "type": "Polygon",
    "coordinates": [
     [
      [
       30019.313174574956,
       5435.835562297761
      ],
      [
       30367.791137017477,
       5870.0668784040045
      ],
      [
       29987.207769917466,
       6496.858696937888
      ],
      [
       30258.412189929542,
       6612.062692386068
      ],
      [
       30240.562927137966,
       6430.081567155903
      ],
      [
       30388.027072425983,
       6299.222121276668
      ],
      [
       30387.98882305499,
       6201.910862675211
      ],
      [
       31010.018614567656,
       6263.699555043813
      ],
      [
       31208.567666639472,
       6168.559002397223
      ],
      [
       31218.070457260917,
       6357.572938839252
      ],
      [
       30757.817457654775,
       6673.906014876349
      ],
      [
       30957.65670097636,
       6648.8450296410965
      ],
      [
       31020.645124744686,
       6672.6729898512485
      ],
      [
       31335.815725624383,
       6853.664080285035
      ],
      [
       31460.698120169618,
       6247.106992746757
      ],
      [
       31461.87588145012,
       5481.035675815679
      ],
      [
       30888.704855555297,
       5716.304064777732
      ],
      [
       30443.890974918882,
       5389.311942615708
      ],
      [
       30019.313174574956,
       5435.835562297761
      ]
     ]
    ]
   },
   "_ring": [
    [
     8003.313174574958,
     5435.835562297761
    ],
    [
     8351.791137017477,
     5870.0668784040045
    ],
    [
     7971.207769917467,
     6496.858696937888
    ],
    [
     8242.412189929544,
     6612.062692386068
    ],
    [
     8224.562927137964,
     6430.081567155903
    ],
    [
     8372.02707242598,
     6299.222121276668
    ],
    [
     8371.988823054991,
     6201.910862675211
    ],
    [
     8994.018614567658,
     6263.699555043813
    ],
    [
     9192.56766663947,
     6168.559002397223
    ],
    [
     9202.070457260916,
     6357.572938839252
    ],
    [
     8741.817457654774,
     6673.906014876349
    ],
    [
     8941.656700976358,
     6648.8450296410965
    ],
    [
     9004.645124744686,
     6672.6729898512485
    ],
    [
     9319.815725624383,
     6853.664080285035
    ],
    [
     9444.698120169618,
     6247.106992746757
    ],
    [
     9445.87588145012,
     5481.035675815679
    ],
    [
     8872.704855555297,
     5716.304064777732
    ],
    [
     8427.890974918884,
     5389.311942615708
    ],
    [
     8003.313174574958,
     5435.835562297761
    ]
   ],
   "_area": 1118173.2116203792,
   "_parentFid": null
  },
  {
   "type": "Feature",
   "properties": {
    "fid": "c1-9",
    "chast": 1,
    "num": "9",
    "owner_id": "azulewicz",
    "status": "draft"
   },
   "geometry": {
    "type": "Polygon",
    "coordinates": [
     [
      [
       31957.83349176662,
       5417.786332914976
      ],
      [
       31951.820230024416,
       5346.676751475294
      ],
      [
       32031.505510000497,
       5284.836419072093
      ],
      [
       32052.906891551116,
       5152.839897787499
      ],
      [
       32167.11264606189,
       4922.24308709112
      ],
      [
       32133.79804030002,
       4846.077584500812
      ],
      [
       32109.985355855704,
       4804.389323101462
      ],
      [
       32150.424917544944,
       4756.829631828179
      ],
      [
       32161.128940651815,
       4716.411823542915
      ],
      [
       32138.52777545558,
       4685.494391581668
      ],
      [
       32194.427898943737,
       4636.722447453258
      ],
      [
       32278.868268772057,
       4614.100560470433
      ],
      [
       32345.466764891833,
       4567.733201158272
      ],
      [
       32304.408490581976,
       4460.445833615156
      ],
      [
       32178.650194525842,
       4317.603635319063
      ],
      [
       32109.263178090616,
       4302.917225250541
      ],
      [
       32087.40909165411,
       4368.880087450525
      ],
      [
       32184.942349516034,
       4451.37761344359
      ],
      [
       31706.813283581825,
       5125.392826335818
      ],
      [
       31462.030458105066,
       5485.883240221557
      ],
      [
       31465.983918120524,
       6242.283286019829
      ],
      [
       31337.984649115046,
       6856.190452425493
      ],
      [
       31021.690772653354,
       6672.170935033024
      ],
      [
       31049.983917199464,
       6786.0946431291
      ],
      [
       31088.877805363292,
       6822.854383097923
      ],
      [
       31107.969688455327,
       6910.568783964433
      ],
      [
       31218.997772341485,
       6946.6275077642
      ],
      [
       31280.50098631187,
       6938.153392512202
      ],
      [
       31313.035307020076,
       7000.388940276836
      ],
      [
       31321.520243800194,
       7131.932457087333
      ],
      [
       31410.626036053363,
       7130.486436994944
      ],
      [
       31413.45291250456,
       7038.559171767285
      ],
      [
       31451.643225976954,
       6998.959161816795
      ],
      [
       31421.93698779937,
       6928.280290228157
      ],
      [
       31464.00950292878,
       6800.0057422841855
      ],
      [
       31436.004385967128,
       6717.977030863257
      ],
      [
       31461.988791417338,
       6674.293813540837
      ],
      [
       31642.0090155991,
       5875.9215221161285
      ],
      [
       31672.00877193426,
       5835.908123453029
      ],
      [
       31734.002923978085,
       5812.172268525572
      ],
      [
       31944.011939577184,
       5812.094747689064
      ],
      [
       32046.00414230229,
       5768.047852368214
      ],
      [
       32078.015594549794,
       5521.955975821243
      ],
      [
       31957.83349176662,
       5417.786332914976
      ]
     ]
    ]
   },
   "_ring": [
    [
     9941.833491766623,
     5417.786332914976
    ],
    [
     9935.820230024417,
     5346.676751475294
    ],
    [
     10015.5055100005,
     5284.836419072093
    ],
    [
     10036.906891551118,
     5152.839897787499
    ],
    [
     10151.112646061893,
     4922.24308709112
    ],
    [
     10117.798040300018,
     4846.077584500812
    ],
    [
     10093.985355855704,
     4804.389323101462
    ],
    [
     10134.424917544944,
     4756.829631828179
    ],
    [
     10145.128940651815,
     4716.411823542915
    ],
    [
     10122.52777545558,
     4685.494391581668
    ],
    [
     10178.427898943739,
     4636.722447453258
    ],
    [
     10262.86826877206,
     4614.100560470433
    ],
    [
     10329.466764891831,
     4567.733201158272
    ],
    [
     10288.408490581976,
     4460.445833615156
    ],
    [
     10162.650194525844,
     4317.603635319063
    ],
    [
     10093.263178090616,
     4302.917225250541
    ],
    [
     10071.409091654112,
     4368.880087450525
    ],
    [
     10168.942349516034,
     4451.37761344359
    ],
    [
     9690.813283581827,
     5125.392826335818
    ],
    [
     9446.030458105066,
     5485.883240221557
    ],
    [
     9449.983918120524,
     6242.283286019829
    ],
    [
     9321.984649115046,
     6856.190452425493
    ],
    [
     9005.690772653355,
     6672.170935033024
    ],
    [
     9033.983917199464,
     6786.0946431291
    ],
    [
     9072.877805363292,
     6822.854383097923
    ],
    [
     9091.969688455329,
     6910.568783964433
    ],
    [
     9202.997772341485,
     6946.6275077642
    ],
    [
     9264.50098631187,
     6938.153392512202
    ],
    [
     9297.035307020076,
     7000.388940276836
    ],
    [
     9305.520243800194,
     7131.932457087333
    ],
    [
     9394.626036053363,
     7130.486436994944
    ],
    [
     9397.45291250456,
     7038.559171767285
    ],
    [
     9435.643225976954,
     6998.959161816795
    ],
    [
     9405.93698779937,
     6928.280290228157
    ],
    [
     9448.00950292878,
     6800.0057422841855
    ],
    [
     9420.00438596713,
     6717.977030863257
    ],
    [
     9445.988791417336,
     6674.293813540837
    ],
    [
     9626.0090155991,
     5875.9215221161285
    ],
    [
     9656.00877193426,
     5835.908123453029
    ],
    [
     9718.002923978087,
     5812.172268525572
    ],
    [
     9928.011939577185,
     5812.094747689064
    ],
    [
     10030.004142302289,
     5768.047852368214
    ],
    [
     10062.015594549794,
     5521.955975821243
    ],
    [
     9941.833491766623,
     5417.786332914976
    ]
   ],
   "_area": 711569.9587887116,
   "_parentFid": null
  },
  {
   "type": "Feature",
   "properties": {
    "fid": "c1-16",
    "chast": 1,
    "num": "16",
    "owner_id": "zboromirski",
    "status": "draft"
   },
   "geometry": {
    "type": "Polygon",
    "coordinates": [
     [
      [
       32957.767058436475,
       4734.784299886397
      ],
      [
       32800.76057940386,
       5050.18302388689
      ],
      [
       32820.567322644834,
       5154.833474033136
      ],
      [
       32850.26821961352,
       5209.989156435049
      ],
      [
       33239.21278705483,
       5154.867310767196
      ],
      [
       33448.545684786426,
       5012.033094436876
      ],
      [
       33365.06125358817,
       4714.9839565438115
      ],
      [
       32957.767058436475,
       4734.784299886397
      ]
     ]
    ]
   },
   "_ring": [
    [
     10941.767058436475,
     4734.784299886397
    ],
    [
     10784.760579403863,
     5050.18302388689
    ],
    [
     10804.567322644833,
     5154.833474033136
    ],
    [
     10834.268219613523,
     5209.989156435049
    ],
    [
     11223.212787054828,
     5154.867310767196
    ],
    [
     11432.54568478643,
     5012.033094436876
    ],
    [
     11349.06125358817,
     4714.9839565438115
    ],
    [
     10941.767058436475,
     4734.784299886397
    ]
   ],
   "_area": 236200.24975156784,
   "_parentFid": null
  },
  {
   "type": "Feature",
   "properties": {
    "fid": "c1-17",
    "chast": 1,
    "num": "17",
    "owner_id": "leonowicz",
    "status": "draft"
   },
   "geometry": {
    "type": "Polygon",
    "coordinates": [
     [
      [
       32960.574809913895,
       5440.508674040589
      ],
      [
       32854.95687132323,
       5577.098097354839
      ],
      [
       33021.99427387625,
       5740.051680557672
      ],
      [
       33283.01547271737,
       5686.117716825807
      ],
      [
       33456.95584464204,
       5303.291384613569
      ],
      [
       33447.94675923235,
       5012.058858412904
      ],
      [
       33247.00523879407,
       5153.965546294886
      ],
      [
       32847.96881090041,
       5209.958368439653
      ],
      [
       32960.574809913895,
       5440.508674040589
      ]
     ]
    ]
   },
   "_ring": [
    [
     10944.574809913893,
     5440.508674040589
    ],
    [
     10838.956871323226,
     5577.098097354839
    ],
    [
     11005.994273876247,
     5740.051680557672
    ],
    [
     11267.015472717374,
     5686.117716825807
    ],
    [
     11440.95584464204,
     5303.291384613569
    ],
    [
     11431.946759232345,
     5012.058858412904
    ],
    [
     11231.00523879407,
     5153.965546294886
    ],
    [
     10831.968810900413,
     5209.958368439653
    ],
    [
     10944.574809913893,
     5440.508674040589
    ]
   ],
   "_area": 274359.8798642643,
   "_parentFid": null
  },
  {
   "type": "Feature",
   "properties": {
    "fid": "c1-18",
    "chast": 1,
    "num": "18",
    "owner_id": "lyant",
    "status": "draft"
   },
   "geometry": {
    "type": "Polygon",
    "coordinates": [
     [
      [
       33277.579844600674,
       5691.01793512059
      ],
      [
       33721.62970339653,
       6562.50531329179
      ],
      [
       34158.974929528355,
       6602.829711894471
      ],
      [
       34263.28378604775,
       6885.564054067205
      ],
      [
       33970.62642632498,
       7040.459607345834
      ],
      [
       34203.72177103171,
       7540.603632940372
      ],
      [
       33956.26575568154,
       7970.712688143168
      ],
      [
       34298.46477566942,
       8051.036602428285
      ],
      [
       34311.23921793726,
       8471.204205144235
      ],
      [
       33574.36244866053,
       8699.107113580245
      ],
      [
       33274.532632919574,
       8257.712772735074
      ],
      [
       32952.09418056031,
       8266.133087579918
      ],
      [
       32973.32961031678,
       8109.078234402848
      ],
      [
       32946.483501923176,
       8044.203068489523
      ],
      [
       32557.53479935241,
       7561.775555560414
      ],
      [
       32604.20694825782,
       7509.450330487292
      ],
      [
       32646.63938552615,
       7400.510544960923
      ],
      [
       32632.49414855532,
       7372.228980652186
      ],
      [
       32653.998781675797,
       7306
      ],
      [
       32604.21642459618,
       7293.112199116994
      ],
      [
       32561.779335307197,
       7225.212353021373
      ],
      [
       32652.310195837592,
       7162.99913750122
      ],
      [
       32485.41128604787,
       6987.583870461821
      ],
      [
       32509.98562377441,
       6857.8841972689215
      ],
      [
       32602.786876595368,
       6895.729692579735
      ],
      [
       32400.55468177014,
       6451.53061032366
      ],
      [
       32452.885580192713,
       6475.595249863163
      ],
      [
       32475.512997190686,
       6426.075442935626
      ],
      [
       32522.186007581404,
       6421.851074084899
      ],
      [
       32550.47579233482,
       6335.564421474386
      ],
      [
       32516.523295231833,
       6245.0236236871715
      ],
      [
       32633.9162877825,
       6194.105168094928
      ],
      [
       32650.88357688682,
       6120.566062851527
      ],
      [
       32738.55051709788,
       5973.276034409508
      ],
      [
       33025.29575765463,
       5744.941536352945
      ],
      [
       33277.579844600674,
       5691.01793512059
      ]
     ]
    ]
   },
   "_ring": [
    [
     11261.579844600676,
     5691.01793512059
    ],
    [
     11705.629703396531,
     6562.50531329179
    ],
    [
     12142.974929528358,
     6602.829711894471
    ],
    [
     12247.28378604775,
     6885.564054067205
    ],
    [
     11954.626426324983,
     7040.459607345834
    ],
    [
     12187.721771031715,
     7540.603632940372
    ],
    [
     11940.26575568154,
     7970.712688143168
    ],
    [
     12282.464775669414,
     8051.036602428285
    ],
    [
     12295.239217937262,
     8471.204205144235
    ],
    [
     11558.362448660533,
     8699.107113580245
    ],
    [
     11258.532632919574,
     8257.712772735074
    ],
    [
     10936.094180560303,
     8266.133087579918
    ],
    [
     10957.329610316778,
     8109.078234402848
    ],
    [
     10930.483501923178,
     8044.203068489523
    ],
    [
     10541.534799352408,
     7561.775555560414
    ],
    [
     10588.206948257819,
     7509.450330487292
    ],
    [
     10630.63938552615,
     7400.510544960923
    ],
    [
     10616.494148555319,
     7372.228980652186
    ],
    [
     10637.998781675797,
     7306
    ],
    [
     10588.21642459618,
     7293.112199116994
    ],
    [
     10545.7793353072,
     7225.212353021373
    ],
    [
     10636.31019583759,
     7162.99913750122
    ],
    [
     10469.411286047869,
     6987.583870461821
    ],
    [
     10493.98562377441,
     6857.8841972689215
    ],
    [
     10586.78687659537,
     6895.729692579735
    ],
    [
     10384.55468177014,
     6451.53061032366
    ],
    [
     10436.885580192715,
     6475.595249863163
    ],
    [
     10459.512997190684,
     6426.075442935626
    ],
    [
     10506.186007581402,
     6421.851074084899
    ],
    [
     10534.475792334819,
     6335.564421474386
    ],
    [
     10500.523295231833,
     6245.0236236871715
    ],
    [
     10617.916287782502,
     6194.105168094928
    ],
    [
     10634.88357688682,
     6120.566062851527
    ],
    [
     10722.550517097881,
     5973.276034409508
    ],
    [
     11009.295757654632,
     5744.941536352945
    ],
    [
     11261.579844600676,
     5691.01793512059
    ]
   ],
   "_area": 3500624.4122533426,
   "_parentFid": null
  },
  {
   "type": "Feature",
   "properties": {
    "fid": "c4-43",
    "chast": 4,
    "num": "43",
    "owner_id": "wolodko",
    "status": "draft"
   },
   "geometry": {
    "type": "Polygon",
    "coordinates": [
     [
      [
       27538.714932371775,
       9281.5920877526
      ],
      [
       26501.702567116517,
       8847.685001834756
      ],
      [
       25245.66977791179,
       8482.00558924226
      ],
      [
       25186.3586526621,
       9171.144784605356
      ],
      [
       25907.109731029752,
       9130.527366034592
      ],
      [
       26235.306844029656,
       9970.32269533063
      ],
      [
       26713.370132636483,
       10143.933276590606
      ],
      [
       26699.046909487362,
       9613.425123653147
      ],
      [
       27532.330888699536,
       9596.251946881146
      ],
      [
       27538.714932371775,
       9281.5920877526
      ]
     ]
    ]
   },
   "_ring": [
    [
     5522.714932371777,
     9281.5920877526
    ],
    [
     4485.7025671165175,
     8847.685001834756
    ],
    [
     3229.6697779117903,
     8482.00558924226
    ],
    [
     3170.3586526621007,
     9171.144784605356
    ],
    [
     3891.109731029752,
     9130.527366034592
    ],
    [
     4219.306844029655,
     9970.32269533063
    ],
    [
     4697.370132636483,
     10143.933276590606
    ],
    [
     4683.046909487361,
     9613.425123653147
    ],
    [
     5516.330888699535,
     9596.251946881146
    ],
    [
     5522.714932371777,
     9281.5920877526
    ]
   ],
   "_area": 1653176.4407453388,
   "_parentFid": null
  },
  {
   "type": "Feature",
   "properties": {
    "fid": "c1-63",
    "chast": 1,
    "num": "63",
    "owner_id": "leonowicz",
    "status": "draft"
   },
   "geometry": {
    "type": "Polygon",
    "coordinates": [
     [
      [
       34610.88749736555,
       5623.892691441303
      ],
      [
       34216.00609162101,
       5701.815289858692
      ],
      [
       33719.97246587302,
       6552.427800171837
      ],
      [
       33279.90765102544,
       5690.109103399529
      ],
      [
       33463.931042850134,
       5301.991386573722
      ],
      [
       33449.89546778341,
       5017.915779831943
      ],
      [
       34003.93347949853,
       4763.694701890792
      ],
      [
       34488.11436687271,
       5178.190228915108
      ],
      [
       34888.12015560159,
       4893.046285813392
      ],
      [
       35238.90059872378,
       4372.5520818000605
      ],
      [
       35516.098862337305,
       4378.3361621696195
      ],
      [
       35527.756752262816,
       4671.039381110578
      ],
      [
       35927.365115059176,
       4820.904516406691
      ],
      [
       36241.32970228207,
       5073.100646224859
      ],
      [
       36279.369841564054,
       5408.557207878706
      ],
      [
       36514.8763155289,
       5748.715967870884
      ],
      [
       36148.52489466997,
       5798.560235222849
      ],
      [
       35986.82749918505,
       5905.695859561383
      ],
      [
       35085.15655881579,
       6293.510205068157
      ],
      [
       34669.774219369545,
       6325.278365199593
      ],
      [
       34602.53713372382,
       6459.7751145337115
      ],
      [
       34541.98316656856,
       6555.649377538103
      ],
      [
       34575.625579879226,
       6696.977919294973
      ],
      [
       34536.94352518999,
       6737.361871447295
      ],
      [
       34471.36384964475,
       6732.398580280955
      ],
      [
       34173.63672870044,
       6379.118269551372
      ],
      [
       34395.6337921212,
       6106.532628355927
      ],
      [
       34831.22981434541,
       6125.157894812374
      ],
      [
       34610.88749736555,
       5623.892691441303
      ]
     ]
    ]
   },
   "_ring": [
    [
     12594.88749736555,
     5623.892691441303
    ],
    [
     12200.006091621013,
     5701.815289858692
    ],
    [
     11703.97246587302,
     6552.427800171837
    ],
    [
     11263.90765102544,
     5690.109103399529
    ],
    [
     11447.93104285013,
     5301.991386573722
    ],
    [
     11433.895467783414,
     5017.915779831943
    ],
    [
     11987.933479498535,
     4763.694701890792
    ],
    [
     12472.114366872707,
     5178.190228915108
    ],
    [
     12872.120155601588,
     4893.046285813392
    ],
    [
     13222.900598723782,
     4372.5520818000605
    ],
    [
     13500.098862337305,
     4378.3361621696195
    ],
    [
     13511.756752262816,
     4671.039381110578
    ],
    [
     13911.365115059172,
     4820.904516406691
    ],
    [
     14225.32970228207,
     5073.100646224859
    ],
    [
     14263.369841564056,
     5408.557207878706
    ],
    [
     14498.876315528898,
     5748.715967870884
    ],
    [
     14132.52489466997,
     5798.560235222849
    ],
    [
     13970.827499185045,
     5905.695859561383
    ],
    [
     13069.156558815792,
     6293.510205068157
    ],
    [
     12653.774219369549,
     6325.278365199593
    ],
    [
     12586.53713372382,
     6459.7751145337115
    ],
    [
     12525.983166568567,
     6555.649377538103
    ],
    [
     12559.625579879224,
     6696.977919294973
    ],
    [
     12520.943525189992,
     6737.361871447295
    ],
    [
     12455.36384964475,
     6732.398580280955
    ],
    [
     12157.636728700438,
     6379.118269551372
    ],
    [
     12379.633792121202,
     6106.532628355927
    ],
    [
     12815.229814345408,
     6125.157894812374
    ],
    [
     12594.88749736555,
     5623.892691441303
    ]
   ],
   "_area": 3726666.091894958,
   "_parentFid": null
  },
  {
   "type": "Feature",
   "properties": {
    "fid": "c1-64",
    "chast": 1,
    "num": "64",
    "owner_id": "prushanowski_jozef",
    "status": "draft"
   },
   "geometry": {
    "type": "Polygon",
    "coordinates": [
     [
      [
       34176.80964588475,
       6377.021359867248
      ],
      [
       34463.46709372874,
       6729.838014681434
      ],
      [
       34440.82029007848,
       6739.164449621948
      ],
      [
       34442.02021860808,
       6774.91350323427
      ],
      [
       34525.271960857324,
       6809.405062079489
      ],
      [
       34571.65002415456,
       6858.156294093158
      ],
      [
       34681.07084271301,
       6981.876513836003
      ],
      [
       34673.957477504126,
       7049.735866744702
      ],
      [
       34276.721443810566,
       6884.424127420206
      ],
      [
       34155.36508890779,
       6602.950225422135
      ],
      [
       33710.61727536672,
       6545.772681189063
      ],
      [
       34219.28242764434,
       5705.990347855674
      ],
      [
       34606.793139658315,
       5617.053249341572
      ],
      [
       34825.98607629954,
       6120.840817132097
      ],
      [
       34393.197270186385,
       6103.796490303368
      ],
      [
       34176.80964588475,
       6377.021359867248
      ]
     ]
    ]
   },
   "_ring": [
    [
     12160.809645884749,
     6377.021359867248
    ],
    [
     12447.467093728736,
     6729.838014681434
    ],
    [
     12424.82029007848,
     6739.164449621948
    ],
    [
     12426.020218608079,
     6774.91350323427
    ],
    [
     12509.27196085732,
     6809.405062079489
    ],
    [
     12555.650024154558,
     6858.156294093158
    ],
    [
     12665.070842713007,
     6981.876513836003
    ],
    [
     12657.957477504124,
     7049.735866744702
    ],
    [
     12260.721443810568,
     6884.424127420206
    ],
    [
     12139.365088907789,
     6602.950225422135
    ],
    [
     11694.617275366722,
     6545.772681189063
    ],
    [
     12203.282427644344,
     5705.990347855674
    ],
    [
     12590.793139658315,
     5617.053249341572
    ],
    [
     12809.986076299541,
     6120.840817132097
    ],
    [
     12377.197270186387,
     6103.796490303368
    ],
    [
     12160.809645884749,
     6377.021359867248
    ]
   ],
   "_area": 585366.2834077626,
   "_parentFid": null
  },
  {
   "type": "Feature",
   "properties": {
    "fid": "c1-65",
    "chast": 1,
    "num": "65",
    "owner_id": "derkalowicz",
    "status": "draft"
   },
   "geometry": {
    "type": "Polygon",
    "coordinates": [
     [
      [
       35974.00073099452,
       5903.9732026738
      ],
      [
       35088.62402720051,
       6295.663098961752
      ],
      [
       34673.17806726963,
       6326.801214434773
      ],
      [
       34568.89492531005,
       6522.811361736372
      ],
      [
       34557.11909714624,
       6574.101616789511
      ],
      [
       34587.398437038115,
       6695.238987247918
      ],
      [
       34531.897839353136,
       6735.619720289449
      ],
      [
       34443.59285621627,
       6741.501971307735
      ],
      [
       34446.11001324598,
       6770.936967341256
      ],
      [
       34541.646792267355,
       6815.198020747488
      ],
      [
       35103.71057762747,
       6902.950863925656
      ],
      [
       35091.97465885658,
       6636.014355710464
      ],
      [
       35704.02485381374,
       6670.0133986631
      ],
      [
       35910.00024366484,
       6648.010527521007
      ],
      [
       35974.00073099452,
       5903.9732026738
      ]
     ]
    ]
   },
   "_ring": [
    [
     13958.000730994521,
     5903.9732026738
    ],
    [
     13072.624027200505,
     6295.663098961752
    ],
    [
     12657.17806726963,
     6326.801214434773
    ],
    [
     12552.89492531005,
     6522.811361736372
    ],
    [
     12541.119097146244,
     6574.101616789511
    ],
    [
     12571.398437038115,
     6695.238987247918
    ],
    [
     12515.897839353134,
     6735.619720289449
    ],
    [
     12427.592856216274,
     6741.501971307735
    ],
    [
     12430.11001324598,
     6770.936967341256
    ],
    [
     12525.646792267356,
     6815.198020747488
    ],
    [
     13087.71057762747,
     6902.950863925656
    ],
    [
     13075.974658856585,
     6636.014355710464
    ],
    [
     13688.024853813735,
     6670.0133986631
    ],
    [
     13894.000243664841,
     6648.010527521007
    ],
    [
     13958.000730994521,
     5903.9732026738
    ]
   ],
   "_area": 750432.382119149,
   "_parentFid": null
  },
  {
   "type": "Feature",
   "properties": {
    "fid": "c1-66",
    "chast": 1,
    "num": "66",
    "owner_id": "muraszko_a",
    "status": "draft"
   },
   "geometry": {
    "type": "Polygon",
    "coordinates": [
     [
      [
       35914.32632115952,
       6653.289935031277
      ],
      [
       36489.54782485932,
       6806.419998598822
      ],
      [
       36543.334870695704,
       6701.979839790811
      ],
      [
       36459.23334515066,
       6447.935768171238
      ],
      [
       36484.46679430878,
       6331.89045331083
      ],
      [
       36429.10696078786,
       6106.294414157361
      ],
      [
       36232.18721509434,
       6106.584938906288
      ],
      [
       36158.18607668621,
       6126.779329315543
      ],
      [
       36048.861756621365,
       6115.01080339048
      ],
      [
       35958.05887676255,
       6074.635703792834
      ],
      [
       35914.32632115952,
       6653.289935031277
      ]
     ]
    ]
   },
   "_ring": [
    [
     13898.32632115952,
     6653.289935031277
    ],
    [
     14473.547824859319,
     6806.419998598822
    ],
    [
     14527.334870695702,
     6701.979839790811
    ],
    [
     14443.233345150657,
     6447.935768171238
    ],
    [
     14468.466794308775,
     6331.89045331083
    ],
    [
     14413.106960787858,
     6106.294414157361
    ],
    [
     14216.187215094335,
     6106.584938906288
    ],
    [
     14142.186076686208,
     6126.779329315543
    ],
    [
     14032.861756621369,
     6115.01080339048
    ],
    [
     13942.058876762552,
     6074.635703792834
    ],
    [
     13898.32632115952,
     6653.289935031277
    ]
   ],
   "_area": 342410.85621780157,
   "_parentFid": null
  },
  {
   "type": "Feature",
   "properties": {
    "fid": "c2-7",
    "chast": 2,
    "num": "7",
    "owner_id": "odnodworcy",
    "status": "draft"
   },
   "geometry": {
    "type": "Polygon",
    "coordinates": [
     [
      [
       30390.00073099452,
       6194.002871142093
      ],
      [
       31013.324457668983,
       6262.334973542027
      ],
      [
       31215.408831844547,
       6173.857859293132
      ],
      [
       31218.47531701372,
       6360.01737947549
      ],
      [
       30784.10168809525,
       6648.27412569446
      ],
      [
       30717.98952241186,
       6702.202894041229
      ],
      [
       30668.15616243974,
       6631.246717232761
      ],
      [
       30656.84486609961,
       6563.3468711371415
      ],
      [
       30594.613266660996,
       6501.129595208899
      ],
      [
       30571.994292219017,
       6342.697748876921
      ],
      [
       30390.00073099452,
       6194.002871142093
      ]
     ]
    ]
   },
   "_ring": [
    [
     8374.000730994521,
     6194.002871142093
    ],
    [
     8997.324457668981,
     6262.334973542027
    ],
    [
     9199.408831844547,
     6173.857859293132
    ],
    [
     9202.475317013721,
     6360.01737947549
    ],
    [
     8768.101688095248,
     6648.27412569446
    ],
    [
     8701.989522411857,
     6702.202894041229
    ],
    [
     8652.15616243974,
     6631.246717232761
    ],
    [
     8640.844866099611,
     6563.3468711371415
    ],
    [
     8578.613266660996,
     6501.129595208899
    ],
    [
     8555.994292219018,
     6342.697748876921
    ],
    [
     8374.000730994521,
     6194.002871142093
    ]
   ],
   "_area": 207998.21719160676,
   "_parentFid": null
  },
  {
   "type": "Feature",
   "properties": {
    "fid": "c2-71",
    "chast": 2,
    "num": "71",
    "owner_id": "zhegulin",
    "status": "draft"
   },
   "geometry": {
    "type": "Polygon",
    "coordinates": [
     [
      [
       36228.1401072833,
       8045.8114616692355
      ],
      [
       35007.99415204383,
       8541.941620110778
      ],
      [
       34731.98879141734,
       8569.891853647836
      ],
      [
       34315.965643257485,
       8605.971288579072
      ],
      [
       34295.974171526905,
       8049.8114616692355
      ],
      [
       35332.07797274897,
       7965.8478294690785
      ],
      [
       35788.10331389238,
       7363.574113922892
      ],
      [
       36228.1401072833,
       8045.8114616692355
      ]
     ]
    ]
   },
   "_ring": [
    [
     14212.140107283303,
     8045.8114616692355
    ],
    [
     12991.994152043828,
     8541.941620110778
    ],
    [
     12715.988791417336,
     8569.891853647836
    ],
    [
     12299.965643257485,
     8605.971288579072
    ],
    [
     12279.974171526905,
     8049.8114616692355
    ],
    [
     13316.077972748968,
     7965.8478294690785
    ],
    [
     13772.103313892385,
     7363.574113922892
    ],
    [
     14212.140107283303,
     8045.8114616692355
    ]
   ],
   "_area": 1037890.453122057,
   "_parentFid": null
  },
  {
   "type": "Feature",
   "properties": {
    "fid": "c3-33",
    "chast": 3,
    "num": "33",
    "status": "draft",
    "owner_id": "puzyna_michal"
   },
   "geometry": {
    "type": "Polygon",
    "coordinates": [
     [
      [
       30832.88977128019,
       10931.129908806548
      ],
      [
       31944.438326511394,
       11882.402370637617
      ],
      [
       31580.570622724597,
       11901.46728992483
      ],
      [
       30790.515757987094,
       11650.168344999882
      ],
      [
       30085.40295069418,
       11370.23744505725
      ],
      [
       29689.392016915117,
       11364.55823047509
      ],
      [
       29262.131384979635,
       11463.536409591707
      ],
      [
       29740.644128866777,
       11019.554873052739
      ],
      [
       29487.845144683168,
       10104.30799529571
      ],
      [
       29891.77904972512,
       9983.177362957453
      ],
      [
       29982.621781841317,
       9653.679754482344
      ],
      [
       30102.101893610146,
       9717.51808049153
      ],
      [
       30197.89496689895,
       9729.17567933965
      ],
      [
       30366.16928726861,
       9789.717174344858
      ],
      [
       30443.58236175865,
       9873.798783152162
      ],
      [
       30460.387947554773,
       9946.109781077863
      ],
      [
       30529.356264616315,
       10015.052207517541
      ],
      [
       30625.229564213296,
       10020.108111639633
      ],
      [
       30786.886561590578,
       10157.992410538434
      ],
      [
       30551.32695124078,
       10157.989917625931
      ],
      [
       30378.073901927928,
       10126.13169248253
      ],
      [
       30108.625413534504,
       11225.889586359206
      ],
      [
       30244.734613221473,
       11262.855789796993
      ],
      [
       30832.88977128019,
       10931.129908806548
      ]
     ]
    ]
   },
   "_ring": [
    [
     8816.88977128019,
     10931.129908806548
    ],
    [
     9928.438326511392,
     11882.402370637617
    ],
    [
     9564.570622724597,
     11901.46728992483
    ],
    [
     8774.515757987096,
     11650.168344999882
    ],
    [
     8069.402950694181,
     11370.23744505725
    ],
    [
     7673.392016915119,
     11364.55823047509
    ],
    [
     7246.131384979637,
     11463.536409591707
    ],
    [
     7724.6441288667775,
     11019.554873052739
    ],
    [
     7471.845144683168,
     10104.30799529571
    ],
    [
     7875.77904972512,
     9983.177362957453
    ],
    [
     7966.621781841317,
     9653.679754482344
    ],
    [
     8086.101893610148,
     9717.51808049153
    ],
    [
     8181.8949668989535,
     9729.17567933965
    ],
    [
     8350.16928726861,
     9789.717174344858
    ],
    [
     8427.582361758648,
     9873.798783152162
    ],
    [
     8444.387947554771,
     9946.109781077863
    ],
    [
     8513.356264616315,
     10015.052207517541
    ],
    [
     8609.229564213296,
     10020.108111639633
    ],
    [
     8770.886561590578,
     10157.992410538434
    ],
    [
     8535.326951240777,
     10157.989917625931
    ],
    [
     8362.073901927928,
     10126.13169248253
    ],
    [
     8092.625413534504,
     11225.889586359206
    ],
    [
     8228.734613221475,
     11262.855789796993
    ],
    [
     8816.88977128019,
     10931.129908806548
    ]
   ],
   "_area": 1818785.8736827075,
   "_parentFid": null
  },
  {
   "type": "Feature",
   "properties": {
    "fid": "c2-69",
    "chast": 2,
    "num": "69",
    "owner_id": "markiewicz",
    "status": "draft"
   },
   "geometry": {
    "type": "Polygon",
    "coordinates": [
     [
      [
       34679.04363872757,
       7054.1466281849725
      ],
      [
       34691.61691709311,
       7346.828043441762
      ],
      [
       34647.93197823252,
       7499.602937520622
      ],
      [
       34744.04037935331,
       8014.26394088056
      ],
      [
       34301.296049632445,
       8049.6514229180975
      ],
      [
       33957.76773711131,
       7961.975073373737
      ],
      [
       34202.70068297028,
       7533.486997585245
      ],
      [
       33967.57589885845,
       7044.212195228567
      ],
      [
       34275.842281264035,
       6895.73724018929
      ],
      [
       34679.04363872757,
       7054.1466281849725
      ]
     ]
    ]
   },
   "_ring": [
    [
     12663.043638727571,
     7054.1466281849725
    ],
    [
     12675.616917093112,
     7346.828043441762
    ],
    [
     12631.931978232515,
     7499.602937520622
    ],
    [
     12728.040379353311,
     8014.26394088056
    ],
    [
     12285.296049632445,
     8049.6514229180975
    ],
    [
     11941.767737111311,
     7961.975073373737
    ],
    [
     12186.700682970282,
     7533.486997585245
    ],
    [
     11951.575898858448,
     7044.212195228567
    ],
    [
     12259.842281264035,
     6895.73724018929
    ],
    [
     12663.043638727571,
     7054.1466281849725
    ]
   ],
   "_area": 649769.4022374749,
   "_parentFid": null
  },
  {
   "type": "Feature",
   "properties": {
    "fid": "c4-47",
    "chast": 4,
    "num": "47",
    "owner_id": "mon_nikolaev",
    "status": "draft"
   },
   "geometry": {
    "type": "Polygon",
    "coordinates": [
     [
      [
       22979.071757838665,
       6762.632764070812
      ],
      [
       23126.345089230254,
       6938.209998166742
      ],
      [
       22275.534448064198,
       7877.125287593067
      ],
      [
       22440.09800836743,
       8553.131016414005
      ],
      [
       22672.141123329155,
       9554.2852119524
      ],
      [
       24964.792409995367,
       10261.376620410236
      ],
      [
       26090.76618113183,
       10197.998023607142
      ],
      [
       26022.283281529584,
       10120.005929178573
      ],
      [
       25553.964773281295,
       10125.998353005953
      ],
      [
       25249.913400983183,
       10028.01515234524
      ],
      [
       25181.68589509155,
       10112.006917375002
      ],
      [
       25127.330034095692,
       10110.221841290402
      ],
      [
       25124.5202887597,
       10070.628519946595
      ],
      [
       25067.93306447602,
       10046.590616108362
      ],
      [
       25005.67341778555,
       10043.76009270243
      ],
      [
       24974.566946676263,
       10014.06580045497
      ],
      [
       24896.73849627385,
       10004.16164711572
      ],
      [
       24868.48743709529,
       9927.804130313247
      ],
      [
       24721.318931296166,
       9896.693295302093
      ],
      [
       24671.8193808588,
       9857.106961562245
      ],
      [
       24578.486475127942,
       9919.324671942306
      ],
      [
       24379.015938695535,
       9951.832251505935
      ],
      [
       24162.43783973044,
       9780.73127698948
      ],
      [
       24284.176448335675,
       9670.371842535611
      ],
      [
       24207.987430837864,
       8833.318594342054
      ],
      [
       23571.34431300753,
       9116.110530227907
      ],
      [
       22969.256743948798,
       9062.301936338934
      ],
      [
       23056.695121562097,
       8833.087071730888
      ],
      [
       24215.65172320706,
       7864.19955466959
      ],
      [
       25255.39712124884,
       8483.050566007369
      ],
      [
       26483.868654572372,
       8849.592766168978
      ],
      [
       26622.81811754088,
       8002.018206872469
      ],
      [
       26727.11395805024,
       7840.522884660363
      ],
      [
       26255.828113479813,
       7650.498299181104
      ],
      [
       26104.730888425674,
       6956.02367046779
      ],
      [
       26628.104174956927,
       6828.1439845755285
      ],
      [
       26553.85967448649,
       6458.1999740945175
      ],
      [
       26360.338713644906,
       5822.556517557255
      ],
      [
       26900.383052624726,
       5835.688720507822
      ],
      [
       27125.71120138945,
       5869.32014527352
      ],
      [
       28933.198357754794,
       5317.785719581099
      ],
      [
       28831.55517439093,
       4779.655224302113
      ],
      [
       28542.111543916566,
       4587.918100071472
      ],
      [
       28562.414014470363,
       4053.180551422985
      ],
      [
       28593.205548086138,
       3322.780607340182
      ],
      [
       28437.709693542918,
       3046.7525458710516
      ],
      [
       28305.195748472383,
       2816.2014880300953
      ],
      [
       28467.153084884558,
       2107.509258382811
      ],
      [
       28440.482589497173,
       2050.237331009796
      ],
      [
       27362.25801590137,
       2530.6037531935976
      ],
      [
       27393.214056272896,
       2599.5883423957716
      ],
      [
       27355.147210132323,
       2865.9374396667004
      ],
      [
       27315.09468599164,
       2996.831309062458
      ],
      [
       27202.890942427242,
       3053.96936591071
      ],
      [
       26386.33318604775,
       2927.9950590178564
      ],
      [
       26212.504916301434,
       2824.0016469940474
      ],
      [
       25850.30236266888,
       2831.991765029761
      ],
      [
       25680.31116934856,
       2762.0039527857152
      ],
      [
       25598.312637128503,
       2755.9993412023805
      ],
      [
       25442.228973671583,
       2670.0128465535727
      ],
      [
       25142.066050097572,
       2650.0092231666677
      ],
      [
       24662.877148341286,
       2740.2473785059838
      ],
      [
       23152.799356004147,
       3016.2174032143134
      ],
      [
       23112.753028497682,
       5011.884355400104
      ],
      [
       23231.648679698028,
       6400.577787694063
      ],
      [
       22979.071757838665,
       6762.632764070812
      ]
     ]
    ]
   },
   "_ring": [
    [
     963.0717578386647,
     6762.632764070812
    ],
    [
     1110.3450892302544,
     6938.209998166742
    ],
    [
     259.5344480641971,
     7877.125287593067
    ],
    [
     424.09800836742824,
     8553.131016414005
    ],
    [
     656.141123329153,
     9554.2852119524
    ],
    [
     2948.792409995366,
     10261.376620410236
    ],
    [
     4074.7661811318285,
     10197.998023607142
    ],
    [
     4006.283281529584,
     10120.005929178573
    ],
    [
     3537.964773281295,
     10125.998353005953
    ],
    [
     3233.913400983184,
     10028.01515234524
    ],
    [
     3165.6858950915494,
     10112.006917375002
    ],
    [
     3111.3300340956903,
     10110.221841290402
    ],
    [
     3108.5202887597006,
     10070.628519946595
    ],
    [
     3051.9330644760203,
     10046.590616108362
    ],
    [
     2989.673417785551,
     10043.76009270243
    ],
    [
     2958.5669466762615,
     10014.06580045497
    ],
    [
     2880.7384962738506,
     10004.16164711572
    ],
    [
     2852.487437095289,
     9927.804130313247
    ],
    [
     2705.3189312961645,
     9896.693295302093
    ],
    [
     2655.8193808588003,
     9857.106961562245
    ],
    [
     2562.4864751279415,
     9919.324671942306
    ],
    [
     2363.015938695535,
     9951.832251505935
    ],
    [
     2146.437839730438,
     9780.73127698948
    ],
    [
     2268.1764483356746,
     9670.371842535611
    ],
    [
     2191.9874308378658,
     8833.318594342054
    ],
    [
     1555.3443130075284,
     9116.110530227907
    ],
    [
     953.2567439487974,
     9062.301936338934
    ],
    [
     1040.6951215620977,
     8833.087071730888
    ],
    [
     2199.651723207058,
     7864.19955466959
    ],
    [
     3239.397121248838,
     8483.050566007369
    ],
    [
     4467.868654572371,
     8849.592766168978
    ],
    [
     4606.818117540878,
     8002.018206872469
    ],
    [
     4711.113958050239,
     7840.522884660363
    ],
    [
     4239.8281134798135,
     7650.498299181104
    ],
    [
     4088.7308884256754,
     6956.02367046779
    ],
    [
     4612.104174956925,
     6828.1439845755285
    ],
    [
     4537.8596744864935,
     6458.1999740945175
    ],
    [
     4344.338713644905,
     5822.556517557255
    ],
    [
     4884.383052624724,
     5835.688720507822
    ],
    [
     5109.711201389449,
     5869.32014527352
    ],
    [
     6917.198357754796,
     5317.785719581099
    ],
    [
     6815.555174390932,
     4779.655224302113
    ],
    [
     6526.111543916564,
     4587.918100071472
    ],
    [
     6546.414014470363,
     4053.180551422985
    ],
    [
     6577.205548086138,
     3322.780607340182
    ],
    [
     6421.709693542919,
     3046.7525458710516
    ],
    [
     6289.1957484723835,
     2816.2014880300953
    ],
    [
     6451.15308488456,
     2107.509258382811
    ],
    [
     6424.482589497172,
     2050.237331009796
    ],
    [
     5346.2580159013705,
     2530.6037531935976
    ],
    [
     5377.214056272897,
     2599.5883423957716
    ],
    [
     5339.147210132324,
     2865.9374396667004
    ],
    [
     5299.094685991639,
     2996.831309062458
    ],
    [
     5186.890942427241,
     3053.96936591071
    ],
    [
     4370.333186047749,
     2927.9950590178564
    ],
    [
     4196.504916301435,
     2824.0016469940474
    ],
    [
     3834.3023626688823,
     2831.991765029761
    ],
    [
     3664.311169348559,
     2762.0039527857152
    ],
    [
     3582.312637128505,
     2755.9993412023805
    ],
    [
     3426.228973671581,
     2670.0128465535727
    ],
    [
     3126.0660500975714,
     2650.0092231666677
    ],
    [
     2646.877148341286,
     2740.2473785059838
    ],
    [
     1136.7993560041464,
     3016.2174032143134
    ],
    [
     1096.753028497682,
     5011.884355400104
    ],
    [
     1215.6486796980282,
     6400.577787694063
    ],
    [
     963.0717578386647,
     6762.632764070812
    ]
   ],
   "_area": 27880675.405105308,
   "_parentFid": null
  },
  {
   "type": "Feature",
   "properties": {
    "fid": "c5-51",
    "chast": 5,
    "num": "51",
    "status": "draft",
    "owner_id": "bytowski_stepan"
   },
   "geometry": {
    "type": "Polygon",
    "coordinates": [
     [
      [
       28273.013230918128,
       3821.305899949241
      ],
      [
       28214.68901327745,
       3729.260434086107
      ],
      [
       28159.308427125517,
       3686.8477695026995
      ],
      [
       28199.143042862877,
       3559.5750706528165
      ],
      [
       28123.947898680424,
       3542.5968215399844
      ],
      [
       28158.105940502384,
       3425.232934431991
      ],
      [
       28084.528433804317,
       3374.3186840651074
      ],
      [
       27988.318320722516,
       3423.8038139811724
      ],
      [
       27889.286007778886,
       3365.834567291529
      ],
      [
       27817.090540451445,
       3343.207849053955
      ],
      [
       27780.347972635725,
       3404.0073862294003
      ],
      [
       27709.624839991233,
       3357.3490529971587
      ],
      [
       27635.16285532681,
       3384.2280868037938
      ],
      [
       27648.444402845573,
       3828.1438367798723
      ],
      [
       28273.013230918128,
       3821.305899949241
      ]
     ]
    ]
   },
   "_ring": [
    [
     6257.013230918126,
     3821.305899949241
    ],
    [
     6198.689013277451,
     3729.260434086107
    ],
    [
     6143.308427125518,
     3686.8477695026995
    ],
    [
     6183.143042862878,
     3559.5750706528165
    ],
    [
     6107.947898680425,
     3542.5968215399844
    ],
    [
     6142.105940502383,
     3425.232934431991
    ],
    [
     6068.5284338043175,
     3374.3186840651074
    ],
    [
     5972.318320722514,
     3423.8038139811724
    ],
    [
     5873.2860077788855,
     3365.834567291529
    ],
    [
     5801.090540451445,
     3343.207849053955
    ],
    [
     5764.3479726357255,
     3404.0073862294003
    ],
    [
     5693.624839991234,
     3357.3490529971587
    ],
    [
     5619.162855326811,
     3384.2280868037938
    ],
    [
     5632.444402845572,
     3828.1438367798723
    ],
    [
     6257.013230918126,
     3821.305899949241
    ]
   ],
   "_area": 237871.65235486068,
   "_parentFid": "c4-47"
  },
  {
   "type": "Feature",
   "properties": {
    "fid": "c7-15",
    "chast": 7,
    "num": "15",
    "owner_id": "starostwo_lubonicz",
    "status": "draft"
   },
   "geometry": {
    "type": "Polygon",
    "coordinates": [
     [
      [
       35430.26205258993,
       2758.92300865289
      ],
      [
       34916.50197700772,
       3201.420549894171
      ],
      [
       34588.28660862621,
       3991.015013679496
      ],
      [
       34088.82077939692,
       4028.8884002847058
      ],
      [
       33987.088243833634,
       4755.806304691426
      ],
      [
       33458.947514131054,
       5004.749206804496
      ],
      [
       33368.12086623289,
       4722.522879262234
      ],
      [
       32961.10815073613,
       4735.791615516323
      ],
      [
       32802.198914554785,
       5050.0906706503565
      ],
      [
       32782.40716115813,
       5033.177242773906
      ],
      [
       32773.924464239804,
       4963.704728489997
      ],
      [
       32642.755069432278,
       4917.331969354005
      ],
      [
       32590.4303910241,
       5031.5118672306235
      ],
      [
       32527.39531461389,
       5004.140573297321
      ],
      [
       32517.884120721545,
       4829.3618913049895
      ],
      [
       32492.915262709896,
       4733.053301643421
      ],
      [
       32458.413623092736,
       4691.449020483507
      ],
      [
       32505.983211648672,
       4630.796723378015
      ],
      [
       32434.63962267135,
       4564.180032226563
      ],
      [
       32428.694891052168,
       4516.626200039752
      ],
      [
       32394.20353819766,
       4509.489394926676
      ],
      [
       32396.579199632026,
       4484.517607934678
      ],
      [
       32447.212702316545,
       4446.31020114759
      ],
      [
       32303.525207487262,
       4441.594702771209
      ],
      [
       32184.94908033417,
       4313.817668050526
      ],
      [
       32107.579438739645,
       4297.005263745154
      ],
      [
       31955.359156652325,
       4221.235926177109
      ],
      [
       32322.026465349525,
       3595.820010016944
      ],
      [
       32456.4506417996,
       3636.0405187568226
      ],
      [
       32779.3351951555,
       3272.878223361547
      ],
      [
       33751.009459994166,
       3182.4713572070923
      ],
      [
       34331.373827055395,
       3305.9926548614467
      ],
      [
       34888.813503591955,
       2492.8437249657823
      ],
      [
       35430.26205258993,
       2758.92300865289
      ]
     ]
    ]
   },
   "_ring": [
    [
     13414.262052589935,
     2758.92300865289
    ],
    [
     12900.50197700772,
     3201.420549894171
    ],
    [
     12572.28660862621,
     3991.015013679496
    ],
    [
     12072.820779396918,
     4028.8884002847058
    ],
    [
     11971.088243833634,
     4755.806304691426
    ],
    [
     11442.947514131058,
     5004.749206804496
    ],
    [
     11352.120866232894,
     4722.522879262234
    ],
    [
     10945.108150736132,
     4735.791615516323
    ],
    [
     10786.198914554787,
     5050.0906706503565
    ],
    [
     10766.407161158128,
     5033.177242773906
    ],
    [
     10757.924464239804,
     4963.704728489997
    ],
    [
     10626.755069432278,
     4917.331969354005
    ],
    [
     10574.430391024101,
     5031.5118672306235
    ],
    [
     10511.395314613887,
     5004.140573297321
    ],
    [
     10501.884120721543,
     4829.3618913049895
    ],
    [
     10476.915262709896,
     4733.053301643421
    ],
    [
     10442.413623092736,
     4691.449020483507
    ],
    [
     10489.983211648672,
     4630.796723378015
    ],
    [
     10418.639622671351,
     4564.180032226563
    ],
    [
     10412.69489105217,
     4516.626200039752
    ],
    [
     10378.203538197658,
     4509.489394926676
    ],
    [
     10380.579199632024,
     4484.517607934678
    ],
    [
     10431.212702316543,
     4446.31020114759
    ],
    [
     10287.525207487262,
     4441.594702771209
    ],
    [
     10168.949080334169,
     4313.817668050526
    ],
    [
     10091.579438739645,
     4297.005263745154
    ],
    [
     9939.359156652323,
     4221.235926177109
    ],
    [
     10306.026465349525,
     3595.820010016944
    ],
    [
     10440.450641799604,
     3636.0405187568226
    ],
    [
     10763.335195155501,
     3272.878223361547
    ],
    [
     11735.009459994166,
     3182.4713572070923
    ],
    [
     12315.373827055393,
     3305.9926548614467
    ],
    [
     12872.813503591955,
     2492.8437249657823
    ],
    [
     13414.262052589935,
     2758.92300865289
    ]
   ],
   "_area": 3677727.456461845,
   "_parentFid": null
  }
 ]
}